AvailabilityZone,BilledCost,BillingAccountID,BillingAccountName,BillingCurrency,BillingPeriodEnd,BillingPeriodStart,ChargeCategory,ChargeDescription,ChargeFrequency,ChargePeriodEnd,ChargePeriodStart,ChargeSubcategory,CommitmentDiscountCategory,CommitmentDiscountID,CommitmentDiscount Name,CommitmentDiscountType,EffectiveCost,InvoiceIssuer,ListCost,ListUnitPrice,PricingCategory,PricingQuantity,PricingUnit,Provider,Publisher,Region,ResourceID,ResourceName,ResourceType,ServiceCategory,ServiceName,SKUID,SKUPriceID,SubAccountID,SubAccountName,Tags,UsageQuantity,UsageUnit
,826.53,76445171de0246759484e1174bf8f1f0,IBM PoC - SQLI Maximo,USD,2024-03-31T00:00:00.000Z,2024-03-4T00:00:00.000Z,Usage,,Recurring,2024-03-31T00:00:00.000Z,2024-03-4T00:00:00.000Z,On-Demand,,,,,826.53,IBM,826.53,1.5,On-Demand,551.02,GIGABYTE_MONTH,IBM,IBM,eu-de,crn:v1:bluemix:public:logdna:eu-de:a/76445171de0246759484e1174bf8f1f0:870a3997-23e8-441b-a9f2-d1660a9836ce::,logs-frankfurt-PY,service_instance,,IBM Log Analysis,,,7144fcea7f8a440f95b432ac47a76ba7,Default,,551.02,GIGABYTE_MONTH
,9.912735406699008,76445171de0246759484e1174bf8f1f0,IBM PoC - SQLI Maximo,USD,2024-03-31T00:00:00.000Z,2024-03-4T00:00:00.000Z,Usage,,Recurring,2024-03-31T00:00:00.000Z,2024-03-4T00:00:00.000Z,On-Demand,,,,,9.912735406699008,IBM,9.912735406699007,0.000133235691,On-Demand,74399.99997222221,GIGABYTE_HOUR,IBM,IBM,eu-de,crn:v1:bluemix:public:is:eu-de-2:a/76445171de0246759484e1174bf8f1f0::volume:r010-33c4be3c-0fd3-4503-8aa6-94a500d9eafc,bastion-boot-1683228244000,resource_instance,,Block Storage for VPC,,,7144fcea7f8a440f95b432ac47a76ba7,Default,,74399.99997222221,GIGABYTE_HOUR
,34.89103524525456,76445171de0246759484e1174bf8f1f0,IBM PoC - SQLI Maximo,USD,2024-03-31T00:00:00.000Z,2024-03-4T00:00:00.000Z,Usage,,Recurring,2024-03-31T00:00:00.000Z,2024-03-4T00:00:00.000Z,On-Demand,,,,,34.89103524525456,IBM,1712.199749386778,2.301343750035,On-Demand,743.9999997222222,GIGABYTE_HOURS,IBM,IBM,eu-de,crn:v1:bluemix:public:is:eu-de-2:a/76445171de0246759484e1174bf8f1f0::instance:02c7_2202bf76-f41c-415a-8fde-6f44a53118cf,bastion,resource_instance,,Virtual Server for VPC,,,7144fcea7f8a440f95b432ac47a76ba7,Default,,743.9999997222222,GIGABYTE_HOURS
,43.004520431757776,76445171de0246759484e1174bf8f1f0,IBM PoC - SQLI Maximo,USD,2024-03-31T00:00:00.000Z,2024-03-4T00:00:00.000Z,Usage,,Recurring,2024-03-31T00:00:00.000Z,2024-03-4T00:00:00.000Z,On-Demand,,,,,43.004520431757776,IBM,1504.9334639343222,2.022760032925,On-Demand,743.9999997222222,VIRTUAL_PROCESSOR_CORE_HOURS,IBM,IBM,eu-de,crn:v1:bluemix:public:is:eu-de-2:a/76445171de0246759484e1174bf8f1f0::instance:02c7_2202bf76-f41c-415a-8fde-6f44a53118cf,bastion,resource_instance,,Virtual Server for VPC,,,7144fcea7f8a440f95b432ac47a76ba7,Default,,743.9999997222222,VIRTUAL_PROCESSOR_CORE_HOURS
,68.44799997444444,76445171de0246759484e1174bf8f1f0,IBM PoC - SQLI Maximo,USD,2024-03-31T00:00:00.000Z,2024-03-4T00:00:00.000Z,Usage,,Recurring,2024-03-31T00:00:00.000Z,2024-03-4T00:00:00.000Z,On-Demand,,,,,68.44799997444444,IBM,34.22399998722222,0.046,On-Demand,743.9999997222222,WINDOWS_VCPU_HOURS,IBM,IBM,eu-de,crn:v1:bluemix:public:is:eu-de-2:a/76445171de0246759484e1174bf8f1f0::instance:02c7_2202bf76-f41c-415a-8fde-6f44a53118cf,bastion,resource_instance,,Virtual Server for VPC,,,7144fcea7f8a440f95b432ac47a76ba7,Default,,743.9999997222222,WINDOWS_VCPU_HOURS
,1.045,76445171de0246759484e1174bf8f1f0,IBM PoC - SQLI Maximo,USD,2024-03-31T00:00:00.000Z,2024-03-4T00:00:00.000Z,Usage,,Recurring,2024-03-31T00:00:00.000Z,2024-03-4T00:00:00.000Z,On-Demand,,,,,1.045,IBM,1.045,1.045,On-Demand,1.0,INSTANCE,IBM,IBM,eu-de,crn:v1:bluemix:public:is:eu-de-2:a/76445171de0246759484e1174bf8f1f0::floating-ip:r010-b69ff41c-eccb-4bc2-8e93-3f2338f745b7,161.156.81.67,resource_instance,,Floating IP for VPC,,,7144fcea7f8a440f95b432ac47a76ba7,Default,,1.0,INSTANCE
,0.0,76445171de0246759484e1174bf8f1f0,IBM PoC - SQLI Maximo,USD,2024-03-31T00:00:00.000Z,2024-03-4T00:00:00.000Z,Usage,,Recurring,2024-03-31T00:00:00.000Z,2024-03-4T00:00:00.000Z,On-Demand,,,,,0.0,IBM,0.0,51.6648,On-Demand,0.0,NODE_HOUR,IBM,IBM,eu-de,crn:v1:bluemix:public:sysdig-monitor:eu-de:a/76445171de0246759484e1174bf8f1f0:96c89425-8a6f-4cae-8224-3db052a94b58::,metrics-frankfurt-AT,service_instance,,IBM Cloud Monitoring,,,7144fcea7f8a440f95b432ac47a76ba7,Default,,0.0,NODE_HOUR
,0.0,76445171de0246759484e1174bf8f1f0,IBM PoC - SQLI Maximo,USD,2024-03-31T00:00:00.000Z,2024-03-4T00:00:00.000Z,Usage,,Recurring,2024-03-31T00:00:00.000Z,2024-03-4T00:00:00.000Z,On-Demand,,,,,0.0,IBM,0.0,13.99255,On-Demand,0.0,LITE_NODE_HOUR,IBM,IBM,eu-de,crn:v1:bluemix:public:sysdig-monitor:eu-de:a/76445171de0246759484e1174bf8f1f0:96c89425-8a6f-4cae-8224-3db052a94b58::,metrics-frankfurt-AT,service_instance,,IBM Cloud Monitoring,,,7144fcea7f8a440f95b432ac47a76ba7,Default,,0.0,LITE_NODE_HOUR
,0.0,76445171de0246759484e1174bf8f1f0,IBM PoC - SQLI Maximo,USD,2024-03-31T00:00:00.000Z,2024-03-4T00:00:00.000Z,Usage,,Recurring,2024-03-31T00:00:00.000Z,2024-03-4T00:00:00.000Z,On-Demand,,,,,0.0,IBM,0.0,0.0,On-Demand,0.0,TIME_SERIES_HOUR,IBM,IBM,eu-de,crn:v1:bluemix:public:sysdig-monitor:eu-de:a/76445171de0246759484e1174bf8f1f0:96c89425-8a6f-4cae-8224-3db052a94b58::,metrics-frankfurt-AT,service_instance,,IBM Cloud Monitoring,,,7144fcea7f8a440f95b432ac47a76ba7,Default,,0.0,TIME_SERIES_HOUR
,0.0,76445171de0246759484e1174bf8f1f0,IBM PoC - SQLI Maximo,USD,2024-03-31T00:00:00.000Z,2024-03-4T00:00:00.000Z,Usage,,Recurring,2024-03-31T00:00:00.000Z,2024-03-4T00:00:00.000Z,On-Demand,,,,,0.0,IBM,0.0,5.38175,On-Demand,0.0,CONTAINER_HOUR,IBM,IBM,eu-de,crn:v1:bluemix:public:sysdig-monitor:eu-de:a/76445171de0246759484e1174bf8f1f0:96c89425-8a6f-4cae-8224-3db052a94b58::,metrics-frankfurt-AT,service_instance,,IBM Cloud Monitoring,,,7144fcea7f8a440f95b432ac47a76ba7,Default,,0.0,CONTAINER_HOUR
,0.0,76445171de0246759484e1174bf8f1f0,IBM PoC - SQLI Maximo,USD,2024-03-31T00:00:00.000Z,2024-03-4T00:00:00.000Z,Usage,,Recurring,2024-03-31T00:00:00.000Z,2024-03-4T00:00:00.000Z,On-Demand,,,,,0.0,IBM,0.0,0.010763499999999999,On-Demand,0.0,API_CALL_HOUR,IBM,IBM,eu-de,crn:v1:bluemix:public:sysdig-monitor:eu-de:a/76445171de0246759484e1174bf8f1f0:96c89425-8a6f-4cae-8224-3db052a94b58::,metrics-frankfurt-AT,service_instance,,IBM Cloud Monitoring,,,7144fcea7f8a440f95b432ac47a76ba7,Default,,0.0,API_CALL_HOUR
,0.129162,76445171de0246759484e1174bf8f1f0,IBM PoC - SQLI Maximo,USD,2024-03-31T00:00:00.000Z,2024-03-4T00:00:00.000Z,Usage,,Recurring,2024-03-31T00:00:00.000Z,2024-03-4T00:00:00.000Z,On-Demand,,,,,0.129162,IBM,0.258324,3.22905,On-Demand,0.08,GIGABYTE_MONTH,IBM,IBM,eu-de,crn:v1:bluemix:public:logdnaat:eu-de:a/76445171de0246759484e1174bf8f1f0:7b0318f5-0b39-4118-9803-aa4d24412913::,activity-frankfurt-ia,service_instance,,IBM Cloud Activity Tracker,,,7144fcea7f8a440f95b432ac47a76ba7,Default,,0.08,GIGABYTE_MONTH
,29.64809041053067,76445171de0246759484e1174bf8f1f0,IBM PoC - SQLI Maximo,USD,2024-03-31T00:00:00.000Z,2024-03-4T00:00:00.000Z,Usage,,Recurring,2024-03-31T00:00:00.000Z,2024-03-4T00:00:00.000Z,On-Demand,,,,,29.64809041053067,IBM,29.64809041053067,0.0007969916779999999,On-Demand,37199.99998611111,GIGABYTE_HOUR,IBM,IBM,eu-de,crn:v1:bluemix:public:is:eu-de-2:a/76445171de0246759484e1174bf8f1f0::volume:r010-af628439-0a59-4590-afc6-32da5a55ca0e,pvc-49b3b281-1e09-4b8b-b957-16c8ddcf1005,resource_instance,,Block Storage for VPC,,,a2c3827b59314d98adc80c5a9de5a28c,sqli-rg,"{'clusterid': 'ck637n7f06ji8rfbfsug', 'namespace': 'openshift-storage', 'provisioner': 'vpc.block.csi.ibm.io', 'pv': 'pvc-49b3b281-1e09-4b8b-b957-16c8ddcf1005', 'pvc': 'rook-ceph-mon-a', 'reclaimpolicy': 'delete', 'storageclass': 'ibmc-vpc-block-metro-10iops-tier'}",37199.99998611111,GIGABYTE_HOUR
,224.52276492553028,76445171de0246759484e1174bf8f1f0,IBM PoC - SQLI Maximo,USD,2024-03-31T00:00:00.000Z,2024-03-4T00:00:00.000Z,Usage,,Recurring,2024-03-31T00:00:00.000Z,2024-03-4T00:00:00.000Z,On-Demand,,,,,224.52276492553028,IBM,2034.843979640276,2.73500535,On-Demand,743.9999997222222,GIGABYTE_HOURS,IBM,IBM,eu-de,crn:v1:bluemix:public:containers-kubernetes:eu-de:a/76445171de0246759484e1174bf8f1f0:ck637n7f06ji8rfbfsug:worker:kube-ck637n7f06ji8rfbfsug-sqliocpv8-workerp-0000031a,ck637n7f06ji8rfbfsug_kube-ck637n7f06ji8rfbfsug-sqliocpv8-workerp-0000031a,service_instance,,Kubernetes Service,,,a2c3827b59314d98adc80c5a9de5a28c,sqli-rg,"{'schematicsid': 'eu-de.workspace.iks_-_cluster_integrations.51aa6c22', 'tf-int': ''}",743.9999997222222,GIGABYTE_HOURS
,371.39103972644114,76445171de0246759484e1174bf8f1f0,IBM PoC - SQLI Maximo,USD,2024-03-31T00:00:00.000Z,2024-03-4T00:00:00.000Z,Usage,,Recurring,2024-03-31T00:00:00.000Z,2024-03-4T00:00:00.000Z,On-Demand,,,,,371.39103972644114,IBM,371.39103972644114,0.49918150519503,On-Demand,743.9999997222222,VIRTUAL_PROCESSOR_CORE_HOURS,IBM,IBM,eu-de,crn:v1:bluemix:public:containers-kubernetes:eu-de:a/76445171de0246759484e1174bf8f1f0:ck637n7f06ji8rfbfsug:worker:kube-ck637n7f06ji8rfbfsug-sqliocpv8-workerp-0000031a,ck637n7f06ji8rfbfsug_kube-ck637n7f06ji8rfbfsug-sqliocpv8-workerp-0000031a,service_instance,,Kubernetes Service,,,a2c3827b59314d98adc80c5a9de5a28c,sqli-rg,"{'schematicsid': 'eu-de.workspace.iks_-_cluster_integrations.51aa6c22', 'tf-int': ''}",743.9999997222222,VIRTUAL_PROCESSOR_CORE_HOURS
,0.0,76445171de0246759484e1174bf8f1f0,IBM PoC - SQLI Maximo,USD,2024-03-31T00:00:00.000Z,2024-03-4T00:00:00.000Z,Usage,,Recurring,2024-03-31T00:00:00.000Z,2024-03-4T00:00:00.000Z,On-Demand,,,,,0.0,IBM,0.0,0.0,On-Demand,743.9999997222222,RHEL_INSTANCE_HOURS,IBM,IBM,eu-de,crn:v1:bluemix:public:containers-kubernetes:eu-de:a/76445171de0246759484e1174bf8f1f0:ck637n7f06ji8rfbfsug:worker:kube-ck637n7f06ji8rfbfsug-sqliocpv8-workerp-0000031a,ck637n7f06ji8rfbfsug_kube-ck637n7f06ji8rfbfsug-sqliocpv8-workerp-0000031a,service_instance,,Kubernetes Service,,,a2c3827b59314d98adc80c5a9de5a28c,sqli-rg,"{'schematicsid': 'eu-de.workspace.iks_-_cluster_integrations.51aa6c22', 'tf-int': ''}",743.9999997222222,RHEL_INSTANCE_HOURS
,14.094157434737845,76445171de0246759484e1174bf8f1f0,IBM PoC - SQLI Maximo,USD,2024-03-31T00:00:00.000Z,2024-03-4T00:00:00.000Z,Usage,,Recurring,2024-03-31T00:00:00.000Z,2024-03-4T00:00:00.000Z,On-Demand,,,,,14.094157434737845,IBM,0.140941574347378,0.0001894376,On-Demand,743.9999997222222,DISK_HOURS,IBM,IBM,eu-de,crn:v1:bluemix:public:containers-kubernetes:eu-de:a/76445171de0246759484e1174bf8f1f0:ck637n7f06ji8rfbfsug:worker:kube-ck637n7f06ji8rfbfsug-sqliocpv8-workerp-0000031a,ck637n7f06ji8rfbfsug_kube-ck637n7f06ji8rfbfsug-sqliocpv8-workerp-0000031a,service_instance,,Kubernetes Service,,,a2c3827b59314d98adc80c5a9de5a28c,sqli-rg,"{'schematicsid': 'eu-de.workspace.iks_-_cluster_integrations.51aa6c22', 'tf-int': ''}",743.9999997222222,DISK_HOURS
,23.863563179971525,76445171de0246759484e1174bf8f1f0,IBM PoC - SQLI Maximo,USD,2024-03-31T00:00:00.000Z,2024-03-4T00:00:00.000Z,Usage,,Recurring,2024-03-31T00:00:00.000Z,2024-03-4T00:00:00.000Z,On-Demand,,,,,23.863563179971525,IBM,23.86356317997153,0.030831399521999998,On-Demand,774.0019444444448,INSTANCE_HOUR,IBM,IBM,eu-de,crn:v1:bluemix:public:is:eu-de:a/76445171de0246759484e1174bf8f1f0::load-balancer:r010-f21d96ae-2de6-4335-b954-b9d95ee00ee3,kube-ck637n7f06ji8rfbfsug-74835cf456c44c1f8358f24bb9f37ede,resource_instance,,Load Balancer for VPC,,,a2c3827b59314d98adc80c5a9de5a28c,sqli-rg,,774.0019444444448,INSTANCE_HOUR
,0.000310073531094,76445171de0246759484e1174bf8f1f0,IBM PoC - SQLI Maximo,USD,2024-03-31T00:00:00.000Z,2024-03-4T00:00:00.000Z,Usage,,Recurring,2024-03-31T00:00:00.000Z,2024-03-4T00:00:00.000Z,On-Demand,,,,,0.000310073531094,IBM,0.000310073531094,0.009910092704,On-Demand,0.031288661,GIGABYTE_MONTH,IBM,IBM,eu-de,crn:v1:bluemix:public:is:eu-de:a/76445171de0246759484e1174bf8f1f0::load-balancer:r010-f21d96ae-2de6-4335-b954-b9d95ee00ee3,kube-ck637n7f06ji8rfbfsug-74835cf456c44c1f8358f24bb9f37ede,resource_instance,,Load Balancer for VPC,,,a2c3827b59314d98adc80c5a9de5a28c,sqli-rg,,0.031288661,GIGABYTE_MONTH
,153.62083915957334,76445171de0246759484e1174bf8f1f0,IBM PoC - SQLI Maximo,USD,2024-03-31T00:00:00.000Z,2024-03-4T00:00:00.000Z,Usage,,Recurring,2024-03-31T00:00:00.000Z,2024-03-4T00:00:00.000Z,On-Demand,,,,,153.62083915957334,IBM,2034.843979640276,2.73500535,On-Demand,743.9999997222222,GIGABYTE_HOURS,IBM,IBM,eu-de,crn:v1:bluemix:public:containers-kubernetes:eu-de:a/76445171de0246759484e1174bf8f1f0:ck637n7f06ji8rfbfsug:worker:kube-ck637n7f06ji8rfbfsug-sqliocpv8-workerp-000009a4,ck637n7f06ji8rfbfsug_kube-ck637n7f06ji8rfbfsug-sqliocpv8-workerp-000009a4,service_instance,,Kubernetes Service,,,a2c3827b59314d98adc80c5a9de5a28c,sqli-rg,"{'schematicsid': 'eu-de.workspace.iks_-_cluster_integrations.51aa6c22', 'tf-int': ''}",743.9999997222222,GIGABYTE_HOURS
,185.69551986322057,76445171de0246759484e1174bf8f1f0,IBM PoC - SQLI Maximo,USD,2024-03-31T00:00:00.000Z,2024-03-4T00:00:00.000Z,Usage,,Recurring,2024-03-31T00:00:00.000Z,2024-03-4T00:00:00.000Z,On-Demand,,,,,185.69551986322057,IBM,185.69551986322057,0.249590752597515,On-Demand,743.9999997222222,VIRTUAL_PROCESSOR_CORE_HOURS,IBM,IBM,eu-de,crn:v1:bluemix:public:containers-kubernetes:eu-de:a/76445171de0246759484e1174bf8f1f0:ck637n7f06ji8rfbfsug:worker:kube-ck637n7f06ji8rfbfsug-sqliocpv8-workerp-000009a4,ck637n7f06ji8rfbfsug_kube-ck637n7f06ji8rfbfsug-sqliocpv8-workerp-000009a4,service_instance,,Kubernetes Service,,,a2c3827b59314d98adc80c5a9de5a28c,sqli-rg,"{'schematicsid': 'eu-de.workspace.iks_-_cluster_integrations.51aa6c22', 'tf-int': ''}",743.9999997222222,VIRTUAL_PROCESSOR_CORE_HOURS
,0.0,76445171de0246759484e1174bf8f1f0,IBM PoC - SQLI Maximo,USD,2024-03-31T00:00:00.000Z,2024-03-4T00:00:00.000Z,Usage,,Recurring,2024-03-31T00:00:00.000Z,2024-03-4T00:00:00.000Z,On-Demand,,,,,0.0,IBM,0.0,0.0,On-Demand,743.9999997222222,RHEL_INSTANCE_HOURS,IBM,IBM,eu-de,crn:v1:bluemix:public:containers-kubernetes:eu-de:a/76445171de0246759484e1174bf8f1f0:ck637n7f06ji8rfbfsug:worker:kube-ck637n7f06ji8rfbfsug-sqliocpv8-workerp-000009a4,ck637n7f06ji8rfbfsug_kube-ck637n7f06ji8rfbfsug-sqliocpv8-workerp-000009a4,service_instance,,Kubernetes Service,,,a2c3827b59314d98adc80c5a9de5a28c,sqli-rg,"{'schematicsid': 'eu-de.workspace.iks_-_cluster_integrations.51aa6c22', 'tf-int': ''}",743.9999997222222,RHEL_INSTANCE_HOURS
,14.094157434737845,76445171de0246759484e1174bf8f1f0,IBM PoC - SQLI Maximo,USD,2024-03-31T00:00:00.000Z,2024-03-4T00:00:00.000Z,Usage,,Recurring,2024-03-31T00:00:00.000Z,2024-03-4T00:00:00.000Z,On-Demand,,,,,14.094157434737845,IBM,0.140941574347378,0.0001894376,On-Demand,743.9999997222222,DISK_HOURS,IBM,IBM,eu-de,crn:v1:bluemix:public:containers-kubernetes:eu-de:a/76445171de0246759484e1174bf8f1f0:ck637n7f06ji8rfbfsug:worker:kube-ck637n7f06ji8rfbfsug-sqliocpv8-workerp-000009a4,ck637n7f06ji8rfbfsug_kube-ck637n7f06ji8rfbfsug-sqliocpv8-workerp-000009a4,service_instance,,Kubernetes Service,,,a2c3827b59314d98adc80c5a9de5a28c,sqli-rg,"{'schematicsid': 'eu-de.workspace.iks_-_cluster_integrations.51aa6c22', 'tf-int': ''}",743.9999997222222,DISK_HOURS
,1.045,76445171de0246759484e1174bf8f1f0,IBM PoC - SQLI Maximo,USD,2024-03-31T00:00:00.000Z,2024-03-4T00:00:00.000Z,Usage,,Recurring,2024-03-31T00:00:00.000Z,2024-03-4T00:00:00.000Z,On-Demand,,,,,1.045,IBM,1.045,1.045,On-Demand,1.0,INSTANCE,IBM,IBM,eu-de,crn:v1:bluemix:public:is:eu-de-2:a/76445171de0246759484e1174bf8f1f0::floating-ip:r010-0b1dd87f-2c5a-482e-84fd-cab96e8c8996,161.156.169.116,resource_instance,,Floating IP for VPC,,,a2c3827b59314d98adc80c5a9de5a28c,sqli-rg,,1.0,INSTANCE
,29.64809041053067,76445171de0246759484e1174bf8f1f0,IBM PoC - SQLI Maximo,USD,2024-03-31T00:00:00.000Z,2024-03-4T00:00:00.000Z,Usage,,Recurring,2024-03-31T00:00:00.000Z,2024-03-4T00:00:00.000Z,On-Demand,,,,,29.64809041053067,IBM,29.64809041053067,0.0007969916779999999,On-Demand,37199.99998611111,GIGABYTE_HOUR,IBM,IBM,eu-de,crn:v1:bluemix:public:is:eu-de-2:a/76445171de0246759484e1174bf8f1f0::volume:r010-8c414455-44ff-4288-a178-104ae6947f87,pvc-a1ee78fd-b5c4-4fb3-9d60-39519d40d203,resource_instance,,Block Storage for VPC,,,a2c3827b59314d98adc80c5a9de5a28c,sqli-rg,"{'clusterid': 'ck637n7f06ji8rfbfsug', 'namespace': 'openshift-storage', 'provisioner': 'vpc.block.csi.ibm.io', 'pv': 'pvc-a1ee78fd-b5c4-4fb3-9d60-39519d40d203', 'pvc': 'rook-ceph-mon-c', 'reclaimpolicy': 'delete', 'storageclass': 'ibmc-vpc-block-metro-10iops-tier'}",37199.99998611111,GIGABYTE_HOUR
,153.62083915957334,76445171de0246759484e1174bf8f1f0,IBM PoC - SQLI Maximo,USD,2024-03-31T00:00:00.000Z,2024-03-4T00:00:00.000Z,Usage,,Recurring,2024-03-31T00:00:00.000Z,2024-03-4T00:00:00.000Z,On-Demand,,,,,153.62083915957334,IBM,2034.843979640276,2.73500535,On-Demand,743.9999997222222,GIGABYTE_HOURS,IBM,IBM,eu-de,crn:v1:bluemix:public:containers-kubernetes:eu-de:a/76445171de0246759484e1174bf8f1f0:ck637n7f06ji8rfbfsug:worker:kube-ck637n7f06ji8rfbfsug-sqliocpv8-workerp-000006c9,ck637n7f06ji8rfbfsug_kube-ck637n7f06ji8rfbfsug-sqliocpv8-workerp-000006c9,service_instance,,Kubernetes Service,,,a2c3827b59314d98adc80c5a9de5a28c,sqli-rg,"{'schematicsid': 'eu-de.workspace.iks_-_cluster_integrations.51aa6c22', 'tf-int': ''}",743.9999997222222,GIGABYTE_HOURS
,185.69551986322057,76445171de0246759484e1174bf8f1f0,IBM PoC - SQLI Maximo,USD,2024-03-31T00:00:00.000Z,2024-03-4T00:00:00.000Z,Usage,,Recurring,2024-03-31T00:00:00.000Z,2024-03-4T00:00:00.000Z,On-Demand,,,,,185.69551986322057,IBM,185.69551986322057,0.249590752597515,On-Demand,743.9999997222222,VIRTUAL_PROCESSOR_CORE_HOURS,IBM,IBM,eu-de,crn:v1:bluemix:public:containers-kubernetes:eu-de:a/76445171de0246759484e1174bf8f1f0:ck637n7f06ji8rfbfsug:worker:kube-ck637n7f06ji8rfbfsug-sqliocpv8-workerp-000006c9,ck637n7f06ji8rfbfsug_kube-ck637n7f06ji8rfbfsug-sqliocpv8-workerp-000006c9,service_instance,,Kubernetes Service,,,a2c3827b59314d98adc80c5a9de5a28c,sqli-rg,"{'schematicsid': 'eu-de.workspace.iks_-_cluster_integrations.51aa6c22', 'tf-int': ''}",743.9999997222222,VIRTUAL_PROCESSOR_CORE_HOURS
,0.0,76445171de0246759484e1174bf8f1f0,IBM PoC - SQLI Maximo,USD,2024-03-31T00:00:00.000Z,2024-03-4T00:00:00.000Z,Usage,,Recurring,2024-03-31T00:00:00.000Z,2024-03-4T00:00:00.000Z,On-Demand,,,,,0.0,IBM,0.0,0.0,On-Demand,743.9999997222222,RHEL_INSTANCE_HOURS,IBM,IBM,eu-de,crn:v1:bluemix:public:containers-kubernetes:eu-de:a/76445171de0246759484e1174bf8f1f0:ck637n7f06ji8rfbfsug:worker:kube-ck637n7f06ji8rfbfsug-sqliocpv8-workerp-000006c9,ck637n7f06ji8rfbfsug_kube-ck637n7f06ji8rfbfsug-sqliocpv8-workerp-000006c9,service_instance,,Kubernetes Service,,,a2c3827b59314d98adc80c5a9de5a28c,sqli-rg,"{'schematicsid': 'eu-de.workspace.iks_-_cluster_integrations.51aa6c22', 'tf-int': ''}",743.9999997222222,RHEL_INSTANCE_HOURS
,14.094157434737845,76445171de0246759484e1174bf8f1f0,IBM PoC - SQLI Maximo,USD,2024-03-31T00:00:00.000Z,2024-03-4T00:00:00.000Z,Usage,,Recurring,2024-03-31T00:00:00.000Z,2024-03-4T00:00:00.000Z,On-Demand,,,,,14.094157434737845,IBM,0.140941574347378,0.0001894376,On-Demand,743.9999997222222,DISK_HOURS,IBM,IBM,eu-de,crn:v1:bluemix:public:containers-kubernetes:eu-de:a/76445171de0246759484e1174bf8f1f0:ck637n7f06ji8rfbfsug:worker:kube-ck637n7f06ji8rfbfsug-sqliocpv8-workerp-000006c9,ck637n7f06ji8rfbfsug_kube-ck637n7f06ji8rfbfsug-sqliocpv8-workerp-000006c9,service_instance,,Kubernetes Service,,,a2c3827b59314d98adc80c5a9de5a28c,sqli-rg,"{'schematicsid': 'eu-de.workspace.iks_-_cluster_integrations.51aa6c22', 'tf-int': ''}",743.9999997222222,DISK_HOURS
,153.62083915957334,76445171de0246759484e1174bf8f1f0,IBM PoC - SQLI Maximo,USD,2024-03-31T00:00:00.000Z,2024-03-4T00:00:00.000Z,Usage,,Recurring,2024-03-31T00:00:00.000Z,2024-03-4T00:00:00.000Z,On-Demand,,,,,153.62083915957334,IBM,2034.843979640276,2.73500535,On-Demand,743.9999997222222,GIGABYTE_HOURS,IBM,IBM,eu-de,crn:v1:bluemix:public:containers-kubernetes:eu-de:a/76445171de0246759484e1174bf8f1f0:ck637n7f06ji8rfbfsug:worker:kube-ck637n7f06ji8rfbfsug-sqliocpv8-workerp-0000084b,ck637n7f06ji8rfbfsug_kube-ck637n7f06ji8rfbfsug-sqliocpv8-workerp-0000084b,service_instance,,Kubernetes Service,,,a2c3827b59314d98adc80c5a9de5a28c,sqli-rg,"{'schematicsid': 'eu-de.workspace.iks_-_cluster_integrations.51aa6c22', 'tf-int': ''}",743.9999997222222,GIGABYTE_HOURS
,185.69551986322057,76445171de0246759484e1174bf8f1f0,IBM PoC - SQLI Maximo,USD,2024-03-31T00:00:00.000Z,2024-03-4T00:00:00.000Z,Usage,,Recurring,2024-03-31T00:00:00.000Z,2024-03-4T00:00:00.000Z,On-Demand,,,,,185.69551986322057,IBM,185.69551986322057,0.249590752597515,On-Demand,743.9999997222222,VIRTUAL_PROCESSOR_CORE_HOURS,IBM,IBM,eu-de,crn:v1:bluemix:public:containers-kubernetes:eu-de:a/76445171de0246759484e1174bf8f1f0:ck637n7f06ji8rfbfsug:worker:kube-ck637n7f06ji8rfbfsug-sqliocpv8-workerp-0000084b,ck637n7f06ji8rfbfsug_kube-ck637n7f06ji8rfbfsug-sqliocpv8-workerp-0000084b,service_instance,,Kubernetes Service,,,a2c3827b59314d98adc80c5a9de5a28c,sqli-rg,"{'schematicsid': 'eu-de.workspace.iks_-_cluster_integrations.51aa6c22', 'tf-int': ''}",743.9999997222222,VIRTUAL_PROCESSOR_CORE_HOURS
,0.0,76445171de0246759484e1174bf8f1f0,IBM PoC - SQLI Maximo,USD,2024-03-31T00:00:00.000Z,2024-03-4T00:00:00.000Z,Usage,,Recurring,2024-03-31T00:00:00.000Z,2024-03-4T00:00:00.000Z,On-Demand,,,,,0.0,IBM,0.0,0.0,On-Demand,743.9999997222222,RHEL_INSTANCE_HOURS,IBM,IBM,eu-de,crn:v1:bluemix:public:containers-kubernetes:eu-de:a/76445171de0246759484e1174bf8f1f0:ck637n7f06ji8rfbfsug:worker:kube-ck637n7f06ji8rfbfsug-sqliocpv8-workerp-0000084b,ck637n7f06ji8rfbfsug_kube-ck637n7f06ji8rfbfsug-sqliocpv8-workerp-0000084b,service_instance,,Kubernetes Service,,,a2c3827b59314d98adc80c5a9de5a28c,sqli-rg,"{'schematicsid': 'eu-de.workspace.iks_-_cluster_integrations.51aa6c22', 'tf-int': ''}",743.9999997222222,RHEL_INSTANCE_HOURS
,14.094157434737845,76445171de0246759484e1174bf8f1f0,IBM PoC - SQLI Maximo,USD,2024-03-31T00:00:00.000Z,2024-03-4T00:00:00.000Z,Usage,,Recurring,2024-03-31T00:00:00.000Z,2024-03-4T00:00:00.000Z,On-Demand,,,,,14.094157434737845,IBM,0.140941574347378,0.0001894376,On-Demand,743.9999997222222,DISK_HOURS,IBM,IBM,eu-de,crn:v1:bluemix:public:containers-kubernetes:eu-de:a/76445171de0246759484e1174bf8f1f0:ck637n7f06ji8rfbfsug:worker:kube-ck637n7f06ji8rfbfsug-sqliocpv8-workerp-0000084b,ck637n7f06ji8rfbfsug_kube-ck637n7f06ji8rfbfsug-sqliocpv8-workerp-0000084b,service_instance,,Kubernetes Service,,,a2c3827b59314d98adc80c5a9de5a28c,sqli-rg,"{'schematicsid': 'eu-de.workspace.iks_-_cluster_integrations.51aa6c22', 'tf-int': ''}",743.9999997222222,DISK_HOURS
,582.552,76445171de0246759484e1174bf8f1f0,IBM PoC - SQLI Maximo,USD,2024-03-31T00:00:00.000Z,2024-03-4T00:00:00.000Z,Usage,,Recurring,2024-03-31T00:00:00.000Z,2024-03-4T00:00:00.000Z,On-Demand,,,,,582.552,IBM,582.552,0.00725,On-Demand,80352.0,VIRTUAL_SERVER_VCPU_HOURS,IBM,IBM,eu-de,crn:v1:bluemix:public:containers-kubernetes:eu-de:a/76445171de0246759484e1174bf8f1f0:ck637n7f06ji8rfbfsug:storage-odf:odf-advanced,openshift-data-foundation-advanced-ck637n7f06ji8rfbfsug,service_instance,,Kubernetes Service,,,a2c3827b59314d98adc80c5a9de5a28c,sqli-rg,"{'schematicsid': 'eu-de.workspace.iks_-_cluster_integrations.51aa6c22', 'tf-int': ''}",80352.0,VIRTUAL_SERVER_VCPU_HOURS
,76.81041957978667,76445171de0246759484e1174bf8f1f0,IBM PoC - SQLI Maximo,USD,2024-03-31T00:00:00.000Z,2024-03-4T00:00:00.000Z,Usage,,Recurring,2024-03-31T00:00:00.000Z,2024-03-4T00:00:00.000Z,On-Demand,,,,,76.81041957978667,IBM,2034.843979640276,2.73500535,On-Demand,743.9999997222222,GIGABYTE_HOURS,IBM,IBM,eu-de,crn:v1:bluemix:public:containers-kubernetes:eu-de:a/76445171de0246759484e1174bf8f1f0:ck637n7f06ji8rfbfsug:worker:kube-ck637n7f06ji8rfbfsug-sqliocpv8-myworke-00000bba,ck637n7f06ji8rfbfsug_kube-ck637n7f06ji8rfbfsug-sqliocpv8-myworke-00000bba,service_instance,,Kubernetes Service,,,a2c3827b59314d98adc80c5a9de5a28c,sqli-rg,"{'schematicsid': 'eu-de.workspace.iks_-_cluster_integrations.51aa6c22', 'tf-int': ''}",743.9999997222222,GIGABYTE_HOURS
,113.94719828922186,76445171de0246759484e1174bf8f1f0,IBM PoC - SQLI Maximo,USD,2024-03-31T00:00:00.000Z,2024-03-4T00:00:00.000Z,Usage,,Recurring,2024-03-31T00:00:00.000Z,2024-03-4T00:00:00.000Z,On-Demand,,,,,113.94719828922186,IBM,113.94719828922186,0.153154836467425,On-Demand,743.9999997222222,VIRTUAL_PROCESSOR_CORE_HOURS,IBM,IBM,eu-de,crn:v1:bluemix:public:containers-kubernetes:eu-de:a/76445171de0246759484e1174bf8f1f0:ck637n7f06ji8rfbfsug:worker:kube-ck637n7f06ji8rfbfsug-sqliocpv8-myworke-00000bba,ck637n7f06ji8rfbfsug_kube-ck637n7f06ji8rfbfsug-sqliocpv8-myworke-00000bba,service_instance,,Kubernetes Service,,,a2c3827b59314d98adc80c5a9de5a28c,sqli-rg,"{'schematicsid': 'eu-de.workspace.iks_-_cluster_integrations.51aa6c22', 'tf-int': ''}",743.9999997222222,VIRTUAL_PROCESSOR_CORE_HOURS
,0.0,76445171de0246759484e1174bf8f1f0,IBM PoC - SQLI Maximo,USD,2024-03-31T00:00:00.000Z,2024-03-4T00:00:00.000Z,Usage,,Recurring,2024-03-31T00:00:00.000Z,2024-03-4T00:00:00.000Z,On-Demand,,,,,0.0,IBM,0.0,0.0,On-Demand,743.9999997222222,RHEL_INSTANCE_HOURS,IBM,IBM,eu-de,crn:v1:bluemix:public:containers-kubernetes:eu-de:a/76445171de0246759484e1174bf8f1f0:ck637n7f06ji8rfbfsug:worker:kube-ck637n7f06ji8rfbfsug-sqliocpv8-myworke-00000bba,ck637n7f06ji8rfbfsug_kube-ck637n7f06ji8rfbfsug-sqliocpv8-myworke-00000bba,service_instance,,Kubernetes Service,,,a2c3827b59314d98adc80c5a9de5a28c,sqli-rg,"{'schematicsid': 'eu-de.workspace.iks_-_cluster_integrations.51aa6c22', 'tf-int': ''}",743.9999997222222,RHEL_INSTANCE_HOURS
,14.094157434737845,76445171de0246759484e1174bf8f1f0,IBM PoC - SQLI Maximo,USD,2024-03-31T00:00:00.000Z,2024-03-4T00:00:00.000Z,Usage,,Recurring,2024-03-31T00:00:00.000Z,2024-03-4T00:00:00.000Z,On-Demand,,,,,14.094157434737845,IBM,0.140941574347378,0.0001894376,On-Demand,743.9999997222222,DISK_HOURS,IBM,IBM,eu-de,crn:v1:bluemix:public:containers-kubernetes:eu-de:a/76445171de0246759484e1174bf8f1f0:ck637n7f06ji8rfbfsug:worker:kube-ck637n7f06ji8rfbfsug-sqliocpv8-myworke-00000bba,ck637n7f06ji8rfbfsug_kube-ck637n7f06ji8rfbfsug-sqliocpv8-myworke-00000bba,service_instance,,Kubernetes Service,,,a2c3827b59314d98adc80c5a9de5a28c,sqli-rg,"{'schematicsid': 'eu-de.workspace.iks_-_cluster_integrations.51aa6c22', 'tf-int': ''}",743.9999997222222,DISK_HOURS
,1.045,76445171de0246759484e1174bf8f1f0,IBM PoC - SQLI Maximo,USD,2024-03-31T00:00:00.000Z,2024-03-4T00:00:00.000Z,Usage,,Recurring,2024-03-31T00:00:00.000Z,2024-03-4T00:00:00.000Z,On-Demand,,,,,1.045,IBM,1.045,1.045,On-Demand,1.0,INSTANCE,IBM,IBM,eu-de,crn:v1:bluemix:public:is:eu-de-2:a/76445171de0246759484e1174bf8f1f0::floating-ip:r010-24101463-c27b-46c3-821e-c42a947052dc,158.176.7.31,resource_instance,,Floating IP for VPC,,,a2c3827b59314d98adc80c5a9de5a28c,sqli-rg,,1.0,INSTANCE
,153.62083915957334,76445171de0246759484e1174bf8f1f0,IBM PoC - SQLI Maximo,USD,2024-03-31T00:00:00.000Z,2024-03-4T00:00:00.000Z,Usage,,Recurring,2024-03-31T00:00:00.000Z,2024-03-4T00:00:00.000Z,On-Demand,,,,,153.62083915957334,IBM,2034.843979640276,2.73500535,On-Demand,743.9999997222222,GIGABYTE_HOURS,IBM,IBM,eu-de,crn:v1:bluemix:public:containers-kubernetes:eu-de:a/76445171de0246759484e1174bf8f1f0:ck637n7f06ji8rfbfsug:worker:kube-ck637n7f06ji8rfbfsug-sqliocpv8-workerp-00000558,ck637n7f06ji8rfbfsug_kube-ck637n7f06ji8rfbfsug-sqliocpv8-workerp-00000558,service_instance,,Kubernetes Service,,,a2c3827b59314d98adc80c5a9de5a28c,sqli-rg,"{'schematicsid': 'eu-de.workspace.iks_-_cluster_integrations.51aa6c22', 'tf-int': ''}",743.9999997222222,GIGABYTE_HOURS
,185.69551986322057,76445171de0246759484e1174bf8f1f0,IBM PoC - SQLI Maximo,USD,2024-03-31T00:00:00.000Z,2024-03-4T00:00:00.000Z,Usage,,Recurring,2024-03-31T00:00:00.000Z,2024-03-4T00:00:00.000Z,On-Demand,,,,,185.69551986322057,IBM,185.69551986322057,0.249590752597515,On-Demand,743.9999997222222,VIRTUAL_PROCESSOR_CORE_HOURS,IBM,IBM,eu-de,crn:v1:bluemix:public:containers-kubernetes:eu-de:a/76445171de0246759484e1174bf8f1f0:ck637n7f06ji8rfbfsug:worker:kube-ck637n7f06ji8rfbfsug-sqliocpv8-workerp-00000558,ck637n7f06ji8rfbfsug_kube-ck637n7f06ji8rfbfsug-sqliocpv8-workerp-00000558,service_instance,,Kubernetes Service,,,a2c3827b59314d98adc80c5a9de5a28c,sqli-rg,"{'schematicsid': 'eu-de.workspace.iks_-_cluster_integrations.51aa6c22', 'tf-int': ''}",743.9999997222222,VIRTUAL_PROCESSOR_CORE_HOURS
,0.0,76445171de0246759484e1174bf8f1f0,IBM PoC - SQLI Maximo,USD,2024-03-31T00:00:00.000Z,2024-03-4T00:00:00.000Z,Usage,,Recurring,2024-03-31T00:00:00.000Z,2024-03-4T00:00:00.000Z,On-Demand,,,,,0.0,IBM,0.0,0.0,On-Demand,743.9999997222222,RHEL_INSTANCE_HOURS,IBM,IBM,eu-de,crn:v1:bluemix:public:containers-kubernetes:eu-de:a/76445171de0246759484e1174bf8f1f0:ck637n7f06ji8rfbfsug:worker:kube-ck637n7f06ji8rfbfsug-sqliocpv8-workerp-00000558,ck637n7f06ji8rfbfsug_kube-ck637n7f06ji8rfbfsug-sqliocpv8-workerp-00000558,service_instance,,Kubernetes Service,,,a2c3827b59314d98adc80c5a9de5a28c,sqli-rg,"{'schematicsid': 'eu-de.workspace.iks_-_cluster_integrations.51aa6c22', 'tf-int': ''}",743.9999997222222,RHEL_INSTANCE_HOURS
,14.094157434737845,76445171de0246759484e1174bf8f1f0,IBM PoC - SQLI Maximo,USD,2024-03-31T00:00:00.000Z,2024-03-4T00:00:00.000Z,Usage,,Recurring,2024-03-31T00:00:00.000Z,2024-03-4T00:00:00.000Z,On-Demand,,,,,14.094157434737845,IBM,0.140941574347378,0.0001894376,On-Demand,743.9999997222222,DISK_HOURS,IBM,IBM,eu-de,crn:v1:bluemix:public:containers-kubernetes:eu-de:a/76445171de0246759484e1174bf8f1f0:ck637n7f06ji8rfbfsug:worker:kube-ck637n7f06ji8rfbfsug-sqliocpv8-workerp-00000558,ck637n7f06ji8rfbfsug_kube-ck637n7f06ji8rfbfsug-sqliocpv8-workerp-00000558,service_instance,,Kubernetes Service,,,a2c3827b59314d98adc80c5a9de5a28c,sqli-rg,"{'schematicsid': 'eu-de.workspace.iks_-_cluster_integrations.51aa6c22', 'tf-int': ''}",743.9999997222222,DISK_HOURS
,296.4809041053067,76445171de0246759484e1174bf8f1f0,IBM PoC - SQLI Maximo,USD,2024-03-31T00:00:00.000Z,2024-03-4T00:00:00.000Z,Usage,,Recurring,2024-03-31T00:00:00.000Z,2024-03-4T00:00:00.000Z,On-Demand,,,,,296.4809041053067,IBM,296.4809041053067,0.0007969916779999999,On-Demand,371999.9998611111,GIGABYTE_HOUR,IBM,IBM,eu-de,crn:v1:bluemix:public:is:eu-de-2:a/76445171de0246759484e1174bf8f1f0::volume:r010-c5a84c8e-1327-4a28-9422-4546e8c4602a,pvc-91855419-f380-4ea8-819d-5959b8bb2216,resource_instance,,Block Storage for VPC,,,a2c3827b59314d98adc80c5a9de5a28c,sqli-rg,"{'clusterid': 'ck637n7f06ji8rfbfsug', 'namespace': 'openshift-storage', 'provisioner': 'vpc.block.csi.ibm.io', 'pv': 'pvc-91855419-f380-4ea8-819d-5959b8bb2216', 'pvc': 'ocs-deviceset-0-data-1292dl', 'reclaimpolicy': 'delete', 'storageclass': 'ibmc-vpc-block-metro-10iops-tier'}",371999.9998611111,GIGABYTE_HOUR
,0.0,76445171de0246759484e1174bf8f1f0,IBM PoC - SQLI Maximo,USD,2024-03-31T00:00:00.000Z,2024-03-4T00:00:00.000Z,Usage,,Recurring,2024-03-31T00:00:00.000Z,2024-03-4T00:00:00.000Z,On-Demand,,,,,0.0,IBM,0.0,0.0,On-Demand,743.9999997222222,INSTANCE_HOUR,IBM,IBM,eu-de,crn:v1:bluemix:public:is:eu-de:a/76445171de0246759484e1174bf8f1f0::endpoint-gateway:r010-2870448b-ef08-467a-9717-4efe113f6c2e,iks-ck637n7f06ji8rfbfsug,resource_instance,,Virtual Private Endpoint for VPC,,,a2c3827b59314d98adc80c5a9de5a28c,sqli-rg,,743.9999997222222,INSTANCE_HOUR
,0.0,76445171de0246759484e1174bf8f1f0,IBM PoC - SQLI Maximo,USD,2024-03-31T00:00:00.000Z,2024-03-4T00:00:00.000Z,Usage,,Recurring,2024-03-31T00:00:00.000Z,2024-03-4T00:00:00.000Z,On-Demand,,,,,0.0,IBM,0.0,0.0,On-Demand,8092.448687006,GIGABYTE_TRANSMITTED,IBM,IBM,eu-de,crn:v1:bluemix:public:is:eu-de:a/76445171de0246759484e1174bf8f1f0::endpoint-gateway:r010-2870448b-ef08-467a-9717-4efe113f6c2e,iks-ck637n7f06ji8rfbfsug,resource_instance,,Virtual Private Endpoint for VPC,,,a2c3827b59314d98adc80c5a9de5a28c,sqli-rg,,8092.448687006,GIGABYTE_TRANSMITTED
,224.52276492553028,76445171de0246759484e1174bf8f1f0,IBM PoC - SQLI Maximo,USD,2024-03-31T00:00:00.000Z,2024-03-4T00:00:00.000Z,Usage,,Recurring,2024-03-31T00:00:00.000Z,2024-03-4T00:00:00.000Z,On-Demand,,,,,224.52276492553028,IBM,2034.843979640276,2.73500535,On-Demand,743.9999997222222,GIGABYTE_HOURS,IBM,IBM,eu-de,crn:v1:bluemix:public:containers-kubernetes:eu-de:a/76445171de0246759484e1174bf8f1f0:ck637n7f06ji8rfbfsug:worker:kube-ck637n7f06ji8rfbfsug-sqliocpv8-workerp-0000017d,ck637n7f06ji8rfbfsug_kube-ck637n7f06ji8rfbfsug-sqliocpv8-workerp-0000017d,service_instance,,Kubernetes Service,,,a2c3827b59314d98adc80c5a9de5a28c,sqli-rg,"{'schematicsid': 'eu-de.workspace.iks_-_cluster_integrations.51aa6c22', 'tf-int': ''}",743.9999997222222,GIGABYTE_HOURS
,371.39103972644114,76445171de0246759484e1174bf8f1f0,IBM PoC - SQLI Maximo,USD,2024-03-31T00:00:00.000Z,2024-03-4T00:00:00.000Z,Usage,,Recurring,2024-03-31T00:00:00.000Z,2024-03-4T00:00:00.000Z,On-Demand,,,,,371.39103972644114,IBM,371.39103972644114,0.49918150519503,On-Demand,743.9999997222222,VIRTUAL_PROCESSOR_CORE_HOURS,IBM,IBM,eu-de,crn:v1:bluemix:public:containers-kubernetes:eu-de:a/76445171de0246759484e1174bf8f1f0:ck637n7f06ji8rfbfsug:worker:kube-ck637n7f06ji8rfbfsug-sqliocpv8-workerp-0000017d,ck637n7f06ji8rfbfsug_kube-ck637n7f06ji8rfbfsug-sqliocpv8-workerp-0000017d,service_instance,,Kubernetes Service,,,a2c3827b59314d98adc80c5a9de5a28c,sqli-rg,"{'schematicsid': 'eu-de.workspace.iks_-_cluster_integrations.51aa6c22', 'tf-int': ''}",743.9999997222222,VIRTUAL_PROCESSOR_CORE_HOURS
,0.0,76445171de0246759484e1174bf8f1f0,IBM PoC - SQLI Maximo,USD,2024-03-31T00:00:00.000Z,2024-03-4T00:00:00.000Z,Usage,,Recurring,2024-03-31T00:00:00.000Z,2024-03-4T00:00:00.000Z,On-Demand,,,,,0.0,IBM,0.0,0.0,On-Demand,743.9999997222222,RHEL_INSTANCE_HOURS,IBM,IBM,eu-de,crn:v1:bluemix:public:containers-kubernetes:eu-de:a/76445171de0246759484e1174bf8f1f0:ck637n7f06ji8rfbfsug:worker:kube-ck637n7f06ji8rfbfsug-sqliocpv8-workerp-0000017d,ck637n7f06ji8rfbfsug_kube-ck637n7f06ji8rfbfsug-sqliocpv8-workerp-0000017d,service_instance,,Kubernetes Service,,,a2c3827b59314d98adc80c5a9de5a28c,sqli-rg,"{'schematicsid': 'eu-de.workspace.iks_-_cluster_integrations.51aa6c22', 'tf-int': ''}",743.9999997222222,RHEL_INSTANCE_HOURS
,14.094157434737845,76445171de0246759484e1174bf8f1f0,IBM PoC - SQLI Maximo,USD,2024-03-31T00:00:00.000Z,2024-03-4T00:00:00.000Z,Usage,,Recurring,2024-03-31T00:00:00.000Z,2024-03-4T00:00:00.000Z,On-Demand,,,,,14.094157434737845,IBM,0.140941574347378,0.0001894376,On-Demand,743.9999997222222,DISK_HOURS,IBM,IBM,eu-de,crn:v1:bluemix:public:containers-kubernetes:eu-de:a/76445171de0246759484e1174bf8f1f0:ck637n7f06ji8rfbfsug:worker:kube-ck637n7f06ji8rfbfsug-sqliocpv8-workerp-0000017d,ck637n7f06ji8rfbfsug_kube-ck637n7f06ji8rfbfsug-sqliocpv8-workerp-0000017d,service_instance,,Kubernetes Service,,,a2c3827b59314d98adc80c5a9de5a28c,sqli-rg,"{'schematicsid': 'eu-de.workspace.iks_-_cluster_integrations.51aa6c22', 'tf-int': ''}",743.9999997222222,DISK_HOURS
,1.045,76445171de0246759484e1174bf8f1f0,IBM PoC - SQLI Maximo,USD,2024-03-31T00:00:00.000Z,2024-03-4T00:00:00.000Z,Usage,,Recurring,2024-03-31T00:00:00.000Z,2024-03-4T00:00:00.000Z,On-Demand,,,,,1.045,IBM,1.045,1.045,On-Demand,1.0,INSTANCE,IBM,IBM,eu-de,crn:v1:bluemix:public:is:eu-de-2:a/76445171de0246759484e1174bf8f1f0::floating-ip:r010-e85dd7c9-6628-4d4e-acca-4e7882324751,158.176.4.157,resource_instance,,Floating IP for VPC,,,a2c3827b59314d98adc80c5a9de5a28c,sqli-rg,,1.0,INSTANCE
,296.4809041053067,76445171de0246759484e1174bf8f1f0,IBM PoC - SQLI Maximo,USD,2024-03-31T00:00:00.000Z,2024-03-4T00:00:00.000Z,Usage,,Recurring,2024-03-31T00:00:00.000Z,2024-03-4T00:00:00.000Z,On-Demand,,,,,296.4809041053067,IBM,296.4809041053067,0.0007969916779999999,On-Demand,371999.9998611111,GIGABYTE_HOUR,IBM,IBM,eu-de,crn:v1:bluemix:public:is:eu-de-2:a/76445171de0246759484e1174bf8f1f0::volume:r010-98e21bd8-d34d-438c-a2cc-a1601779a071,pvc-2fe32727-5fcf-47c0-9f7f-6aba0393b678,resource_instance,,Block Storage for VPC,,,a2c3827b59314d98adc80c5a9de5a28c,sqli-rg,"{'clusterid': 'ck637n7f06ji8rfbfsug', 'namespace': 'openshift-storage', 'provisioner': 'vpc.block.csi.ibm.io', 'pv': 'pvc-2fe32727-5fcf-47c0-9f7f-6aba0393b678', 'pvc': 'ocs-deviceset-0-data-2tjbj9', 'reclaimpolicy': 'delete', 'storageclass': 'ibmc-vpc-block-metro-10iops-tier'}",371999.9998611111,GIGABYTE_HOUR
,224.52276492553028,76445171de0246759484e1174bf8f1f0,IBM PoC - SQLI Maximo,USD,2024-03-31T00:00:00.000Z,2024-03-4T00:00:00.000Z,Usage,,Recurring,2024-03-31T00:00:00.000Z,2024-03-4T00:00:00.000Z,On-Demand,,,,,224.52276492553028,IBM,2034.843979640276,2.73500535,On-Demand,743.9999997222222,GIGABYTE_HOURS,IBM,IBM,eu-de,crn:v1:bluemix:public:containers-kubernetes:eu-de:a/76445171de0246759484e1174bf8f1f0:ck637n7f06ji8rfbfsug:worker:kube-ck637n7f06ji8rfbfsug-sqliocpv8-workerp-00000258,ck637n7f06ji8rfbfsug_kube-ck637n7f06ji8rfbfsug-sqliocpv8-workerp-00000258,service_instance,,Kubernetes Service,,,a2c3827b59314d98adc80c5a9de5a28c,sqli-rg,"{'schematicsid': 'eu-de.workspace.iks_-_cluster_integrations.51aa6c22', 'tf-int': ''}",743.9999997222222,GIGABYTE_HOURS
,371.39103972644114,76445171de0246759484e1174bf8f1f0,IBM PoC - SQLI Maximo,USD,2024-03-31T00:00:00.000Z,2024-03-4T00:00:00.000Z,Usage,,Recurring,2024-03-31T00:00:00.000Z,2024-03-4T00:00:00.000Z,On-Demand,,,,,371.39103972644114,IBM,371.39103972644114,0.49918150519503,On-Demand,743.9999997222222,VIRTUAL_PROCESSOR_CORE_HOURS,IBM,IBM,eu-de,crn:v1:bluemix:public:containers-kubernetes:eu-de:a/76445171de0246759484e1174bf8f1f0:ck637n7f06ji8rfbfsug:worker:kube-ck637n7f06ji8rfbfsug-sqliocpv8-workerp-00000258,ck637n7f06ji8rfbfsug_kube-ck637n7f06ji8rfbfsug-sqliocpv8-workerp-00000258,service_instance,,Kubernetes Service,,,a2c3827b59314d98adc80c5a9de5a28c,sqli-rg,"{'schematicsid': 'eu-de.workspace.iks_-_cluster_integrations.51aa6c22', 'tf-int': ''}",743.9999997222222,VIRTUAL_PROCESSOR_CORE_HOURS
,0.0,76445171de0246759484e1174bf8f1f0,IBM PoC - SQLI Maximo,USD,2024-03-31T00:00:00.000Z,2024-03-4T00:00:00.000Z,Usage,,Recurring,2024-03-31T00:00:00.000Z,2024-03-4T00:00:00.000Z,On-Demand,,,,,0.0,IBM,0.0,0.0,On-Demand,743.9999997222222,RHEL_INSTANCE_HOURS,IBM,IBM,eu-de,crn:v1:bluemix:public:containers-kubernetes:eu-de:a/76445171de0246759484e1174bf8f1f0:ck637n7f06ji8rfbfsug:worker:kube-ck637n7f06ji8rfbfsug-sqliocpv8-workerp-00000258,ck637n7f06ji8rfbfsug_kube-ck637n7f06ji8rfbfsug-sqliocpv8-workerp-00000258,service_instance,,Kubernetes Service,,,a2c3827b59314d98adc80c5a9de5a28c,sqli-rg,"{'schematicsid': 'eu-de.workspace.iks_-_cluster_integrations.51aa6c22', 'tf-int': ''}",743.9999997222222,RHEL_INSTANCE_HOURS
,14.094157434737845,76445171de0246759484e1174bf8f1f0,IBM PoC - SQLI Maximo,USD,2024-03-31T00:00:00.000Z,2024-03-4T00:00:00.000Z,Usage,,Recurring,2024-03-31T00:00:00.000Z,2024-03-4T00:00:00.000Z,On-Demand,,,,,14.094157434737845,IBM,0.140941574347378,0.0001894376,On-Demand,743.9999997222222,DISK_HOURS,IBM,IBM,eu-de,crn:v1:bluemix:public:containers-kubernetes:eu-de:a/76445171de0246759484e1174bf8f1f0:ck637n7f06ji8rfbfsug:worker:kube-ck637n7f06ji8rfbfsug-sqliocpv8-workerp-00000258,ck637n7f06ji8rfbfsug_kube-ck637n7f06ji8rfbfsug-sqliocpv8-workerp-00000258,service_instance,,Kubernetes Service,,,a2c3827b59314d98adc80c5a9de5a28c,sqli-rg,"{'schematicsid': 'eu-de.workspace.iks_-_cluster_integrations.51aa6c22', 'tf-int': ''}",743.9999997222222,DISK_HOURS
,296.4809041053067,76445171de0246759484e1174bf8f1f0,IBM PoC - SQLI Maximo,USD,2024-03-31T00:00:00.000Z,2024-03-4T00:00:00.000Z,Usage,,Recurring,2024-03-31T00:00:00.000Z,2024-03-4T00:00:00.000Z,On-Demand,,,,,296.4809041053067,IBM,296.4809041053067,0.0007969916779999999,On-Demand,371999.9998611111,GIGABYTE_HOUR,IBM,IBM,eu-de,crn:v1:bluemix:public:is:eu-de-2:a/76445171de0246759484e1174bf8f1f0::volume:r010-62f1602f-70ff-4eeb-be8b-e7225b3b9938,pvc-562a3666-a947-4bac-b19d-4ea8b7a9169b,resource_instance,,Block Storage for VPC,,,a2c3827b59314d98adc80c5a9de5a28c,sqli-rg,"{'clusterid': 'ck637n7f06ji8rfbfsug', 'namespace': 'openshift-storage', 'provisioner': 'vpc.block.csi.ibm.io', 'pv': 'pvc-562a3666-a947-4bac-b19d-4ea8b7a9169b', 'pvc': 'ocs-deviceset-2-data-04bz2c', 'reclaimpolicy': 'delete', 'storageclass': 'ibmc-vpc-block-metro-10iops-tier'}",371999.9998611111,GIGABYTE_HOUR
,76.81041957978667,76445171de0246759484e1174bf8f1f0,IBM PoC - SQLI Maximo,USD,2024-03-31T00:00:00.000Z,2024-03-4T00:00:00.000Z,Usage,,Recurring,2024-03-31T00:00:00.000Z,2024-03-4T00:00:00.000Z,On-Demand,,,,,76.81041957978667,IBM,2034.843979640276,2.73500535,On-Demand,743.9999997222222,GIGABYTE_HOURS,IBM,IBM,eu-de,crn:v1:bluemix:public:containers-kubernetes:eu-de:a/76445171de0246759484e1174bf8f1f0:ck637n7f06ji8rfbfsug:worker:kube-ck637n7f06ji8rfbfsug-sqliocpv8-myworke-00000da4,ck637n7f06ji8rfbfsug_kube-ck637n7f06ji8rfbfsug-sqliocpv8-myworke-00000da4,service_instance,,Kubernetes Service,,,a2c3827b59314d98adc80c5a9de5a28c,sqli-rg,"{'schematicsid': 'eu-de.workspace.iks_-_cluster_integrations.51aa6c22', 'tf-int': ''}",743.9999997222222,GIGABYTE_HOURS
,113.94719828922186,76445171de0246759484e1174bf8f1f0,IBM PoC - SQLI Maximo,USD,2024-03-31T00:00:00.000Z,2024-03-4T00:00:00.000Z,Usage,,Recurring,2024-03-31T00:00:00.000Z,2024-03-4T00:00:00.000Z,On-Demand,,,,,113.94719828922186,IBM,113.94719828922186,0.153154836467425,On-Demand,743.9999997222222,VIRTUAL_PROCESSOR_CORE_HOURS,IBM,IBM,eu-de,crn:v1:bluemix:public:containers-kubernetes:eu-de:a/76445171de0246759484e1174bf8f1f0:ck637n7f06ji8rfbfsug:worker:kube-ck637n7f06ji8rfbfsug-sqliocpv8-myworke-00000da4,ck637n7f06ji8rfbfsug_kube-ck637n7f06ji8rfbfsug-sqliocpv8-myworke-00000da4,service_instance,,Kubernetes Service,,,a2c3827b59314d98adc80c5a9de5a28c,sqli-rg,"{'schematicsid': 'eu-de.workspace.iks_-_cluster_integrations.51aa6c22', 'tf-int': ''}",743.9999997222222,VIRTUAL_PROCESSOR_CORE_HOURS
,0.0,76445171de0246759484e1174bf8f1f0,IBM PoC - SQLI Maximo,USD,2024-03-31T00:00:00.000Z,2024-03-4T00:00:00.000Z,Usage,,Recurring,2024-03-31T00:00:00.000Z,2024-03-4T00:00:00.000Z,On-Demand,,,,,0.0,IBM,0.0,0.0,On-Demand,743.9999997222222,RHEL_INSTANCE_HOURS,IBM,IBM,eu-de,crn:v1:bluemix:public:containers-kubernetes:eu-de:a/76445171de0246759484e1174bf8f1f0:ck637n7f06ji8rfbfsug:worker:kube-ck637n7f06ji8rfbfsug-sqliocpv8-myworke-00000da4,ck637n7f06ji8rfbfsug_kube-ck637n7f06ji8rfbfsug-sqliocpv8-myworke-00000da4,service_instance,,Kubernetes Service,,,a2c3827b59314d98adc80c5a9de5a28c,sqli-rg,"{'schematicsid': 'eu-de.workspace.iks_-_cluster_integrations.51aa6c22', 'tf-int': ''}",743.9999997222222,RHEL_INSTANCE_HOURS
,14.094157434737845,76445171de0246759484e1174bf8f1f0,IBM PoC - SQLI Maximo,USD,2024-03-31T00:00:00.000Z,2024-03-4T00:00:00.000Z,Usage,,Recurring,2024-03-31T00:00:00.000Z,2024-03-4T00:00:00.000Z,On-Demand,,,,,14.094157434737845,IBM,0.140941574347378,0.0001894376,On-Demand,743.9999997222222,DISK_HOURS,IBM,IBM,eu-de,crn:v1:bluemix:public:containers-kubernetes:eu-de:a/76445171de0246759484e1174bf8f1f0:ck637n7f06ji8rfbfsug:worker:kube-ck637n7f06ji8rfbfsug-sqliocpv8-myworke-00000da4,ck637n7f06ji8rfbfsug_kube-ck637n7f06ji8rfbfsug-sqliocpv8-myworke-00000da4,service_instance,,Kubernetes Service,,,a2c3827b59314d98adc80c5a9de5a28c,sqli-rg,"{'schematicsid': 'eu-de.workspace.iks_-_cluster_integrations.51aa6c22', 'tf-int': ''}",743.9999997222222,DISK_HOURS
,1.045,76445171de0246759484e1174bf8f1f0,IBM PoC - SQLI Maximo,USD,2024-03-31T00:00:00.000Z,2024-03-4T00:00:00.000Z,Usage,,Recurring,2024-03-31T00:00:00.000Z,2024-03-4T00:00:00.000Z,On-Demand,,,,,1.045,IBM,1.045,1.045,On-Demand,1.0,INSTANCE,IBM,IBM,eu-de,crn:v1:bluemix:public:is:eu-de-2:a/76445171de0246759484e1174bf8f1f0::floating-ip:r010-45eb3251-6712-418b-aea2-f2014c8cb9d1,161.156.175.12,resource_instance,,Floating IP for VPC,,,a2c3827b59314d98adc80c5a9de5a28c,sqli-rg,,1.0,INSTANCE
,296.4809041053067,76445171de0246759484e1174bf8f1f0,IBM PoC - SQLI Maximo,USD,2024-03-31T00:00:00.000Z,2024-03-4T00:00:00.000Z,Usage,,Recurring,2024-03-31T00:00:00.000Z,2024-03-4T00:00:00.000Z,On-Demand,,,,,296.4809041053067,IBM,296.4809041053067,0.0007969916779999999,On-Demand,371999.9998611111,GIGABYTE_HOUR,IBM,IBM,eu-de,crn:v1:bluemix:public:is:eu-de-2:a/76445171de0246759484e1174bf8f1f0::volume:r010-02e3991f-a296-4665-a457-6577c556c9e2,pvc-8446152f-0a58-49ff-b867-1422f8a2e6bf,resource_instance,,Block Storage for VPC,,,a2c3827b59314d98adc80c5a9de5a28c,sqli-rg,"{'clusterid': 'ck637n7f06ji8rfbfsug', 'namespace': 'openshift-storage', 'provisioner': 'vpc.block.csi.ibm.io', 'pv': 'pvc-8446152f-0a58-49ff-b867-1422f8a2e6bf', 'pvc': 'ocs-deviceset-2-data-2wjbvx', 'reclaimpolicy': 'delete', 'storageclass': 'ibmc-vpc-block-metro-10iops-tier'}",371999.9998611111,GIGABYTE_HOUR
,296.4809041053067,76445171de0246759484e1174bf8f1f0,IBM PoC - SQLI Maximo,USD,2024-03-31T00:00:00.000Z,2024-03-4T00:00:00.000Z,Usage,,Recurring,2024-03-31T00:00:00.000Z,2024-03-4T00:00:00.000Z,On-Demand,,,,,296.4809041053067,IBM,296.4809041053067,0.0007969916779999999,On-Demand,371999.9998611111,GIGABYTE_HOUR,IBM,IBM,eu-de,crn:v1:bluemix:public:is:eu-de-2:a/76445171de0246759484e1174bf8f1f0::volume:r010-02915d2e-bb9f-46e8-9dfb-c173e5a1db7f,pvc-8d84c272-d307-43a2-885c-0d7ecc219105,resource_instance,,Block Storage for VPC,,,a2c3827b59314d98adc80c5a9de5a28c,sqli-rg,"{'clusterid': 'ck637n7f06ji8rfbfsug', 'namespace': 'openshift-storage', 'provisioner': 'vpc.block.csi.ibm.io', 'pv': 'pvc-8d84c272-d307-43a2-885c-0d7ecc219105', 'pvc': 'ocs-deviceset-1-data-0f29g6', 'reclaimpolicy': 'delete', 'storageclass': 'ibmc-vpc-block-metro-10iops-tier'}",371999.9998611111,GIGABYTE_HOUR
,76.81041957978667,76445171de0246759484e1174bf8f1f0,IBM PoC - SQLI Maximo,USD,2024-03-31T00:00:00.000Z,2024-03-4T00:00:00.000Z,Usage,,Recurring,2024-03-31T00:00:00.000Z,2024-03-4T00:00:00.000Z,On-Demand,,,,,76.81041957978667,IBM,2034.843979640276,2.73500535,On-Demand,743.9999997222222,GIGABYTE_HOURS,IBM,IBM,eu-de,crn:v1:bluemix:public:containers-kubernetes:eu-de:a/76445171de0246759484e1174bf8f1f0:ck637n7f06ji8rfbfsug:worker:kube-ck637n7f06ji8rfbfsug-sqliocpv8-myworke-00000c1f,ck637n7f06ji8rfbfsug_kube-ck637n7f06ji8rfbfsug-sqliocpv8-myworke-00000c1f,service_instance,,Kubernetes Service,,,a2c3827b59314d98adc80c5a9de5a28c,sqli-rg,"{'schematicsid': 'eu-de.workspace.iks_-_cluster_integrations.51aa6c22', 'tf-int': ''}",743.9999997222222,GIGABYTE_HOURS
,113.94719828922186,76445171de0246759484e1174bf8f1f0,IBM PoC - SQLI Maximo,USD,2024-03-31T00:00:00.000Z,2024-03-4T00:00:00.000Z,Usage,,Recurring,2024-03-31T00:00:00.000Z,2024-03-4T00:00:00.000Z,On-Demand,,,,,113.94719828922186,IBM,113.94719828922186,0.153154836467425,On-Demand,743.9999997222222,VIRTUAL_PROCESSOR_CORE_HOURS,IBM,IBM,eu-de,crn:v1:bluemix:public:containers-kubernetes:eu-de:a/76445171de0246759484e1174bf8f1f0:ck637n7f06ji8rfbfsug:worker:kube-ck637n7f06ji8rfbfsug-sqliocpv8-myworke-00000c1f,ck637n7f06ji8rfbfsug_kube-ck637n7f06ji8rfbfsug-sqliocpv8-myworke-00000c1f,service_instance,,Kubernetes Service,,,a2c3827b59314d98adc80c5a9de5a28c,sqli-rg,"{'schematicsid': 'eu-de.workspace.iks_-_cluster_integrations.51aa6c22', 'tf-int': ''}",743.9999997222222,VIRTUAL_PROCESSOR_CORE_HOURS
,0.0,76445171de0246759484e1174bf8f1f0,IBM PoC - SQLI Maximo,USD,2024-03-31T00:00:00.000Z,2024-03-4T00:00:00.000Z,Usage,,Recurring,2024-03-31T00:00:00.000Z,2024-03-4T00:00:00.000Z,On-Demand,,,,,0.0,IBM,0.0,0.0,On-Demand,743.9999997222222,RHEL_INSTANCE_HOURS,IBM,IBM,eu-de,crn:v1:bluemix:public:containers-kubernetes:eu-de:a/76445171de0246759484e1174bf8f1f0:ck637n7f06ji8rfbfsug:worker:kube-ck637n7f06ji8rfbfsug-sqliocpv8-myworke-00000c1f,ck637n7f06ji8rfbfsug_kube-ck637n7f06ji8rfbfsug-sqliocpv8-myworke-00000c1f,service_instance,,Kubernetes Service,,,a2c3827b59314d98adc80c5a9de5a28c,sqli-rg,"{'schematicsid': 'eu-de.workspace.iks_-_cluster_integrations.51aa6c22', 'tf-int': ''}",743.9999997222222,RHEL_INSTANCE_HOURS
,14.094157434737845,76445171de0246759484e1174bf8f1f0,IBM PoC - SQLI Maximo,USD,2024-03-31T00:00:00.000Z,2024-03-4T00:00:00.000Z,Usage,,Recurring,2024-03-31T00:00:00.000Z,2024-03-4T00:00:00.000Z,On-Demand,,,,,14.094157434737845,IBM,0.140941574347378,0.0001894376,On-Demand,743.9999997222222,DISK_HOURS,IBM,IBM,eu-de,crn:v1:bluemix:public:containers-kubernetes:eu-de:a/76445171de0246759484e1174bf8f1f0:ck637n7f06ji8rfbfsug:worker:kube-ck637n7f06ji8rfbfsug-sqliocpv8-myworke-00000c1f,ck637n7f06ji8rfbfsug_kube-ck637n7f06ji8rfbfsug-sqliocpv8-myworke-00000c1f,service_instance,,Kubernetes Service,,,a2c3827b59314d98adc80c5a9de5a28c,sqli-rg,"{'schematicsid': 'eu-de.workspace.iks_-_cluster_integrations.51aa6c22', 'tf-int': ''}",743.9999997222222,DISK_HOURS
,296.4809041053067,76445171de0246759484e1174bf8f1f0,IBM PoC - SQLI Maximo,USD,2024-03-31T00:00:00.000Z,2024-03-4T00:00:00.000Z,Usage,,Recurring,2024-03-31T00:00:00.000Z,2024-03-4T00:00:00.000Z,On-Demand,,,,,296.4809041053067,IBM,296.4809041053067,0.0007969916779999999,On-Demand,371999.9998611111,GIGABYTE_HOUR,IBM,IBM,eu-de,crn:v1:bluemix:public:is:eu-de-2:a/76445171de0246759484e1174bf8f1f0::volume:r010-de2af652-a0f1-42f5-846b-8833b2559600,pvc-7b15a573-2df3-493c-b7f4-4686a149cba2,resource_instance,,Block Storage for VPC,,,a2c3827b59314d98adc80c5a9de5a28c,sqli-rg,"{'clusterid': 'ck637n7f06ji8rfbfsug', 'namespace': 'openshift-storage', 'provisioner': 'vpc.block.csi.ibm.io', 'pv': 'pvc-7b15a573-2df3-493c-b7f4-4686a149cba2', 'pvc': 'ocs-deviceset-0-data-04tr96', 'reclaimpolicy': 'delete', 'storageclass': 'ibmc-vpc-block-metro-10iops-tier'}",371999.9998611111,GIGABYTE_HOUR
,29.64809041053067,76445171de0246759484e1174bf8f1f0,IBM PoC - SQLI Maximo,USD,2024-03-31T00:00:00.000Z,2024-03-4T00:00:00.000Z,Usage,,Recurring,2024-03-31T00:00:00.000Z,2024-03-4T00:00:00.000Z,On-Demand,,,,,29.64809041053067,IBM,29.64809041053067,0.0007969916779999999,On-Demand,37199.99998611111,GIGABYTE_HOUR,IBM,IBM,eu-de,crn:v1:bluemix:public:is:eu-de-2:a/76445171de0246759484e1174bf8f1f0::volume:r010-3f8b7354-4185-41c6-adf3-5fb4b6845cbc,pvc-1dd46eca-b29c-4da4-8041-ff915d0de70d,resource_instance,,Block Storage for VPC,,,a2c3827b59314d98adc80c5a9de5a28c,sqli-rg,"{'clusterid': 'ck637n7f06ji8rfbfsug', 'namespace': 'openshift-storage', 'provisioner': 'vpc.block.csi.ibm.io', 'pv': 'pvc-1dd46eca-b29c-4da4-8041-ff915d0de70d', 'pvc': 'rook-ceph-mon-b', 'reclaimpolicy': 'delete', 'storageclass': 'ibmc-vpc-block-metro-10iops-tier'}",37199.99998611111,GIGABYTE_HOUR
,296.4809041053067,76445171de0246759484e1174bf8f1f0,IBM PoC - SQLI Maximo,USD,2024-03-31T00:00:00.000Z,2024-03-4T00:00:00.000Z,Usage,,Recurring,2024-03-31T00:00:00.000Z,2024-03-4T00:00:00.000Z,On-Demand,,,,,296.4809041053067,IBM,296.4809041053067,0.0007969916779999999,On-Demand,371999.9998611111,GIGABYTE_HOUR,IBM,IBM,eu-de,crn:v1:bluemix:public:is:eu-de-2:a/76445171de0246759484e1174bf8f1f0::volume:r010-18a9b30f-7875-47bf-acdb-71ac80cf47dc,pvc-22c5e656-c89d-4e0a-9034-4a3ce4c86b69,resource_instance,,Block Storage for VPC,,,a2c3827b59314d98adc80c5a9de5a28c,sqli-rg,"{'clusterid': 'ck637n7f06ji8rfbfsug', 'namespace': 'openshift-storage', 'provisioner': 'vpc.block.csi.ibm.io', 'pv': 'pvc-22c5e656-c89d-4e0a-9034-4a3ce4c86b69', 'pvc': 'ocs-deviceset-1-data-2gdpv9', 'reclaimpolicy': 'delete', 'storageclass': 'ibmc-vpc-block-metro-10iops-tier'}",371999.9998611111,GIGABYTE_HOUR
,0.0,76445171de0246759484e1174bf8f1f0,IBM PoC - SQLI Maximo,USD,2024-03-31T00:00:00.000Z,2024-03-4T00:00:00.000Z,Usage,,Recurring,2024-03-31T00:00:00.000Z,2024-03-4T00:00:00.000Z,On-Demand,,,,,0.0,IBM,0.0,0.0,On-Demand,743.9999997222222,INSTANCE_HOURS,IBM,IBM,eu-de,crn:v1:bluemix:public:containers-kubernetes:eu-de:a/76445171de0246759484e1174bf8f1f0:ck637n7f06ji8rfbfsug::,ck637n7f06ji8rfbfsug,service_instance,,Kubernetes Service,,,a2c3827b59314d98adc80c5a9de5a28c,sqli-rg,"{'schematicsid': 'eu-de.workspace.iks_-_cluster_integrations.51aa6c22', 'tf-int': ''}",743.9999997222222,INSTANCE_HOURS
,153.62083915957334,76445171de0246759484e1174bf8f1f0,IBM PoC - SQLI Maximo,USD,2024-03-31T00:00:00.000Z,2024-03-4T00:00:00.000Z,Usage,,Recurring,2024-03-31T00:00:00.000Z,2024-03-4T00:00:00.000Z,On-Demand,,,,,153.62083915957334,IBM,2034.843979640276,2.73500535,On-Demand,743.9999997222222,GIGABYTE_HOURS,IBM,IBM,eu-de,crn:v1:bluemix:public:containers-kubernetes:eu-de:a/76445171de0246759484e1174bf8f1f0:ck637n7f06ji8rfbfsug:worker:kube-ck637n7f06ji8rfbfsug-sqliocpv8-workerp-000004f8,ck637n7f06ji8rfbfsug_kube-ck637n7f06ji8rfbfsug-sqliocpv8-workerp-000004f8,service_instance,,Kubernetes Service,,,a2c3827b59314d98adc80c5a9de5a28c,sqli-rg,"{'schematicsid': 'eu-de.workspace.iks_-_cluster_integrations.51aa6c22', 'tf-int': ''}",743.9999997222222,GIGABYTE_HOURS
,185.69551986322057,76445171de0246759484e1174bf8f1f0,IBM PoC - SQLI Maximo,USD,2024-03-31T00:00:00.000Z,2024-03-4T00:00:00.000Z,Usage,,Recurring,2024-03-31T00:00:00.000Z,2024-03-4T00:00:00.000Z,On-Demand,,,,,185.69551986322057,IBM,185.69551986322057,0.249590752597515,On-Demand,743.9999997222222,VIRTUAL_PROCESSOR_CORE_HOURS,IBM,IBM,eu-de,crn:v1:bluemix:public:containers-kubernetes:eu-de:a/76445171de0246759484e1174bf8f1f0:ck637n7f06ji8rfbfsug:worker:kube-ck637n7f06ji8rfbfsug-sqliocpv8-workerp-000004f8,ck637n7f06ji8rfbfsug_kube-ck637n7f06ji8rfbfsug-sqliocpv8-workerp-000004f8,service_instance,,Kubernetes Service,,,a2c3827b59314d98adc80c5a9de5a28c,sqli-rg,"{'schematicsid': 'eu-de.workspace.iks_-_cluster_integrations.51aa6c22', 'tf-int': ''}",743.9999997222222,VIRTUAL_PROCESSOR_CORE_HOURS
,0.0,76445171de0246759484e1174bf8f1f0,IBM PoC - SQLI Maximo,USD,2024-03-31T00:00:00.000Z,2024-03-4T00:00:00.000Z,Usage,,Recurring,2024-03-31T00:00:00.000Z,2024-03-4T00:00:00.000Z,On-Demand,,,,,0.0,IBM,0.0,0.0,On-Demand,743.9999997222222,RHEL_INSTANCE_HOURS,IBM,IBM,eu-de,crn:v1:bluemix:public:containers-kubernetes:eu-de:a/76445171de0246759484e1174bf8f1f0:ck637n7f06ji8rfbfsug:worker:kube-ck637n7f06ji8rfbfsug-sqliocpv8-workerp-000004f8,ck637n7f06ji8rfbfsug_kube-ck637n7f06ji8rfbfsug-sqliocpv8-workerp-000004f8,service_instance,,Kubernetes Service,,,a2c3827b59314d98adc80c5a9de5a28c,sqli-rg,"{'schematicsid': 'eu-de.workspace.iks_-_cluster_integrations.51aa6c22', 'tf-int': ''}",743.9999997222222,RHEL_INSTANCE_HOURS
,14.094157434737845,76445171de0246759484e1174bf8f1f0,IBM PoC - SQLI Maximo,USD,2024-03-31T00:00:00.000Z,2024-03-4T00:00:00.000Z,Usage,,Recurring,2024-03-31T00:00:00.000Z,2024-03-4T00:00:00.000Z,On-Demand,,,,,14.094157434737845,IBM,0.140941574347378,0.0001894376,On-Demand,743.9999997222222,DISK_HOURS,IBM,IBM,eu-de,crn:v1:bluemix:public:containers-kubernetes:eu-de:a/76445171de0246759484e1174bf8f1f0:ck637n7f06ji8rfbfsug:worker:kube-ck637n7f06ji8rfbfsug-sqliocpv8-workerp-000004f8,ck637n7f06ji8rfbfsug_kube-ck637n7f06ji8rfbfsug-sqliocpv8-workerp-000004f8,service_instance,,Kubernetes Service,,,a2c3827b59314d98adc80c5a9de5a28c,sqli-rg,"{'schematicsid': 'eu-de.workspace.iks_-_cluster_integrations.51aa6c22', 'tf-int': ''}",743.9999997222222,DISK_HOURS
,24.23339438151554,76445171de0246759484e1174bf8f1f0,IBM PoC - SQLI Maximo,USD,2024-03-31T00:00:00.000Z,2024-03-4T00:00:00.000Z,Usage,,Recurring,2024-03-31T00:00:00.000Z,2024-03-4T00:00:00.000Z,On-Demand,,,,,24.23339438151554,IBM,24.23339438151554,0.030831399521999998,On-Demand,785.9972222222219,INSTANCE_HOUR,IBM,IBM,eu-de,crn:v1:bluemix:public:is:eu-de:a/76445171de0246759484e1174bf8f1f0::load-balancer:r010-e2563ec8-e28d-42c4-ba2b-61edd06f8515,kube-ck637n7f06ji8rfbfsug-44a986551bcc445f9da438b966f9d6e6,resource_instance,,Load Balancer for VPC,,,a2c3827b59314d98adc80c5a9de5a28c,sqli-rg,,785.9972222222219,INSTANCE_HOUR
,0.7558131402488031,76445171de0246759484e1174bf8f1f0,IBM PoC - SQLI Maximo,USD,2024-03-31T00:00:00.000Z,2024-03-4T00:00:00.000Z,Usage,,Recurring,2024-03-31T00:00:00.000Z,2024-03-4T00:00:00.000Z,On-Demand,,,,,0.7558131402488031,IBM,0.7558131402488031,0.009910092704,On-Demand,76.26701009,GIGABYTE_MONTH,IBM,IBM,eu-de,crn:v1:bluemix:public:is:eu-de:a/76445171de0246759484e1174bf8f1f0::load-balancer:r010-e2563ec8-e28d-42c4-ba2b-61edd06f8515,kube-ck637n7f06ji8rfbfsug-44a986551bcc445f9da438b966f9d6e6,resource_instance,,Load Balancer for VPC,,,a2c3827b59314d98adc80c5a9de5a28c,sqli-rg,,76.26701009,GIGABYTE_MONTH
,296.4809041053067,76445171de0246759484e1174bf8f1f0,IBM PoC - SQLI Maximo,USD,2024-03-31T00:00:00.000Z,2024-03-4T00:00:00.000Z,Usage,,Recurring,2024-03-31T00:00:00.000Z,2024-03-4T00:00:00.000Z,On-Demand,,,,,296.4809041053067,IBM,296.4809041053067,0.0007969916779999999,On-Demand,371999.9998611111,GIGABYTE_HOUR,IBM,IBM,eu-de,crn:v1:bluemix:public:is:eu-de-2:a/76445171de0246759484e1174bf8f1f0::volume:r010-32dfa9a0-a6f4-4260-b9da-1fadf0a62417,pvc-56867692-9082-4cac-aaa9-e3e801327484,resource_instance,,Block Storage for VPC,,,a2c3827b59314d98adc80c5a9de5a28c,sqli-rg,"{'clusterid': 'ck637n7f06ji8rfbfsug', 'namespace': 'openshift-storage', 'provisioner': 'vpc.block.csi.ibm.io', 'pv': 'pvc-56867692-9082-4cac-aaa9-e3e801327484', 'pvc': 'ocs-deviceset-2-data-14nnfj', 'reclaimpolicy': 'delete', 'storageclass': 'ibmc-vpc-block-metro-10iops-tier'}",371999.9998611111,GIGABYTE_HOUR
,296.4809041053067,76445171de0246759484e1174bf8f1f0,IBM PoC - SQLI Maximo,USD,2024-03-31T00:00:00.000Z,2024-03-4T00:00:00.000Z,Usage,,Recurring,2024-03-31T00:00:00.000Z,2024-03-4T00:00:00.000Z,On-Demand,,,,,296.4809041053067,IBM,296.4809041053067,0.0007969916779999999,On-Demand,371999.9998611111,GIGABYTE_HOUR,IBM,IBM,eu-de,crn:v1:bluemix:public:is:eu-de-2:a/76445171de0246759484e1174bf8f1f0::volume:r010-01f07959-e7cb-4bd8-a27c-2d79fa31d15d,pvc-d231a776-df26-4880-9fd0-c50815dfae9f,resource_instance,,Block Storage for VPC,,,a2c3827b59314d98adc80c5a9de5a28c,sqli-rg,"{'clusterid': 'ck637n7f06ji8rfbfsug', 'namespace': 'openshift-storage', 'provisioner': 'vpc.block.csi.ibm.io', 'pv': 'pvc-d231a776-df26-4880-9fd0-c50815dfae9f', 'pvc': 'ocs-deviceset-1-data-1z6tf6', 'reclaimpolicy': 'delete', 'storageclass': 'ibmc-vpc-block-metro-10iops-tier'}",371999.9998611111,GIGABYTE_HOUR
,153.62083915957334,76445171de0246759484e1174bf8f1f0,IBM PoC - SQLI Maximo,USD,2024-03-31T00:00:00.000Z,2024-03-4T00:00:00.000Z,Usage,,Recurring,2024-03-31T00:00:00.000Z,2024-03-4T00:00:00.000Z,On-Demand,,,,,153.62083915957334,IBM,2034.843979640276,2.73500535,On-Demand,743.9999997222222,GIGABYTE_HOURS,IBM,IBM,eu-de,crn:v1:bluemix:public:containers-kubernetes:eu-de:a/76445171de0246759484e1174bf8f1f0:ck637n7f06ji8rfbfsug:worker:kube-ck637n7f06ji8rfbfsug-sqliocpv8-workerp-00000ac4,ck637n7f06ji8rfbfsug_kube-ck637n7f06ji8rfbfsug-sqliocpv8-workerp-00000ac4,service_instance,,Kubernetes Service,,,a2c3827b59314d98adc80c5a9de5a28c,sqli-rg,"{'schematicsid': 'eu-de.workspace.iks_-_cluster_integrations.51aa6c22', 'tf-int': ''}",743.9999997222222,GIGABYTE_HOURS
,185.69551986322057,76445171de0246759484e1174bf8f1f0,IBM PoC - SQLI Maximo,USD,2024-03-31T00:00:00.000Z,2024-03-4T00:00:00.000Z,Usage,,Recurring,2024-03-31T00:00:00.000Z,2024-03-4T00:00:00.000Z,On-Demand,,,,,185.69551986322057,IBM,185.69551986322057,0.249590752597515,On-Demand,743.9999997222222,VIRTUAL_PROCESSOR_CORE_HOURS,IBM,IBM,eu-de,crn:v1:bluemix:public:containers-kubernetes:eu-de:a/76445171de0246759484e1174bf8f1f0:ck637n7f06ji8rfbfsug:worker:kube-ck637n7f06ji8rfbfsug-sqliocpv8-workerp-00000ac4,ck637n7f06ji8rfbfsug_kube-ck637n7f06ji8rfbfsug-sqliocpv8-workerp-00000ac4,service_instance,,Kubernetes Service,,,a2c3827b59314d98adc80c5a9de5a28c,sqli-rg,"{'schematicsid': 'eu-de.workspace.iks_-_cluster_integrations.51aa6c22', 'tf-int': ''}",743.9999997222222,VIRTUAL_PROCESSOR_CORE_HOURS
,0.0,76445171de0246759484e1174bf8f1f0,IBM PoC - SQLI Maximo,USD,2024-03-31T00:00:00.000Z,2024-03-4T00:00:00.000Z,Usage,,Recurring,2024-03-31T00:00:00.000Z,2024-03-4T00:00:00.000Z,On-Demand,,,,,0.0,IBM,0.0,0.0,On-Demand,743.9999997222222,RHEL_INSTANCE_HOURS,IBM,IBM,eu-de,crn:v1:bluemix:public:containers-kubernetes:eu-de:a/76445171de0246759484e1174bf8f1f0:ck637n7f06ji8rfbfsug:worker:kube-ck637n7f06ji8rfbfsug-sqliocpv8-workerp-00000ac4,ck637n7f06ji8rfbfsug_kube-ck637n7f06ji8rfbfsug-sqliocpv8-workerp-00000ac4,service_instance,,Kubernetes Service,,,a2c3827b59314d98adc80c5a9de5a28c,sqli-rg,"{'schematicsid': 'eu-de.workspace.iks_-_cluster_integrations.51aa6c22', 'tf-int': ''}",743.9999997222222,RHEL_INSTANCE_HOURS
,14.094157434737845,76445171de0246759484e1174bf8f1f0,IBM PoC - SQLI Maximo,USD,2024-03-31T00:00:00.000Z,2024-03-4T00:00:00.000Z,Usage,,Recurring,2024-03-31T00:00:00.000Z,2024-03-4T00:00:00.000Z,On-Demand,,,,,14.094157434737845,IBM,0.140941574347378,0.0001894376,On-Demand,743.9999997222222,DISK_HOURS,IBM,IBM,eu-de,crn:v1:bluemix:public:containers-kubernetes:eu-de:a/76445171de0246759484e1174bf8f1f0:ck637n7f06ji8rfbfsug:worker:kube-ck637n7f06ji8rfbfsug-sqliocpv8-workerp-00000ac4,ck637n7f06ji8rfbfsug_kube-ck637n7f06ji8rfbfsug-sqliocpv8-workerp-00000ac4,service_instance,,Kubernetes Service,,,a2c3827b59314d98adc80c5a9de5a28c,sqli-rg,"{'schematicsid': 'eu-de.workspace.iks_-_cluster_integrations.51aa6c22', 'tf-int': ''}",743.9999997222222,DISK_HOURS
,0.10032,76445171de0246759484e1174bf8f1f0,IBM PoC - SQLI Maximo,USD,2024-03-31T00:00:00.000Z,2024-03-4T00:00:00.000Z,Usage,,Recurring,2024-03-31T00:00:00.000Z,2024-03-4T00:00:00.000Z,On-Demand,,,,,0.10032,IBM,0.10032,0.240617132865199,On-Demand,0.41692791700000004,GIGABYTE_TRANSMITTED_OUTBOUND,IBM,IBM,eu-de,crn:v1:bluemix:public:is:eu-de:a/76445171de0246759484e1174bf8f1f0::vpc:r010-25874699-528a-4c17-ae5e-9623d890657e,sqli-vpc,resource_instance,,Virtual Private Cloud,,,a2c3827b59314d98adc80c5a9de5a28c,sqli-rg,,0.41692791700000004,GIGABYTE_TRANSMITTED_OUTBOUND
,0.10032,76445171de0246759484e1174bf8f1f0,IBM PoC - SQLI Maximo,USD,2024-03-31T00:00:00.000Z,2024-03-4T00:00:00.000Z,Usage,,Recurring,2024-03-31T00:00:00.000Z,2024-03-4T00:00:00.000Z,On-Demand,,,,,0.10032,IBM,0.10031999999999901,0.38430610624937506,On-Demand,0.26104191,GIGABYTE_TRANSMITTED_OUTBOUND,IBM,IBM,eu-de,crn:v1:bluemix:public:is:eu-de:a/76445171de0246759484e1174bf8f1f0::vpc:r010-25874699-528a-4c17-ae5e-9623d890657e,sqli-vpc,resource_instance,,Virtual Private Cloud,,,a2c3827b59314d98adc80c5a9de5a28c,sqli-rg,,0.26104191,GIGABYTE_TRANSMITTED_OUTBOUND
,0.20064,76445171de0246759484e1174bf8f1f0,IBM PoC - SQLI Maximo,USD,2024-03-31T00:00:00.000Z,2024-03-4T00:00:00.000Z,Usage,,Recurring,2024-03-31T00:00:00.000Z,2024-03-4T00:00:00.000Z,On-Demand,,,,,0.20064,IBM,0.20064,0.115197265139759,On-Demand,1.741708015,GIGABYTE_TRANSMITTED_OUTBOUND,IBM,IBM,eu-de,crn:v1:bluemix:public:is:eu-de:a/76445171de0246759484e1174bf8f1f0::vpc:r010-25874699-528a-4c17-ae5e-9623d890657e,sqli-vpc,resource_instance,,Virtual Private Cloud,,,a2c3827b59314d98adc80c5a9de5a28c,sqli-rg,,1.741708015,GIGABYTE_TRANSMITTED_OUTBOUND
,0.10032,76445171de0246759484e1174bf8f1f0,IBM PoC - SQLI Maximo,USD,2024-03-31T00:00:00.000Z,2024-03-4T00:00:00.000Z,Usage,,Recurring,2024-03-31T00:00:00.000Z,2024-03-4T00:00:00.000Z,On-Demand,,,,,0.10032,IBM,0.10032,0.348528933095334,On-Demand,0.28783837,GIGABYTE_TRANSMITTED_OUTBOUND,IBM,IBM,eu-de,crn:v1:bluemix:public:is:eu-de:a/76445171de0246759484e1174bf8f1f0::vpc:r010-25874699-528a-4c17-ae5e-9623d890657e,sqli-vpc,resource_instance,,Virtual Private Cloud,,,a2c3827b59314d98adc80c5a9de5a28c,sqli-rg,,0.28783837,GIGABYTE_TRANSMITTED_OUTBOUND
,0.10032,76445171de0246759484e1174bf8f1f0,IBM PoC - SQLI Maximo,USD,2024-03-31T00:00:00.000Z,2024-03-4T00:00:00.000Z,Usage,,Recurring,2024-03-31T00:00:00.000Z,2024-03-4T00:00:00.000Z,On-Demand,,,,,0.10032,IBM,0.10032,10.355435457828543,On-Demand,0.009687666000000001,GIGABYTE_TRANSMITTED_OUTBOUND,IBM,IBM,eu-de,crn:v1:bluemix:public:is:eu-de:a/76445171de0246759484e1174bf8f1f0::vpc:r010-25874699-528a-4c17-ae5e-9623d890657e,sqli-vpc,resource_instance,,Virtual Private Cloud,,,a2c3827b59314d98adc80c5a9de5a28c,sqli-rg,,0.009687666000000001,GIGABYTE_TRANSMITTED_OUTBOUND
,0.10032,76445171de0246759484e1174bf8f1f0,IBM PoC - SQLI Maximo,USD,2024-03-31T00:00:00.000Z,2024-03-4T00:00:00.000Z,Usage,,Recurring,2024-03-31T00:00:00.000Z,2024-03-4T00:00:00.000Z,On-Demand,,,,,0.10032,IBM,0.10032,0.15052361015190402,On-Demand,0.666473518,GIGABYTE_TRANSMITTED_OUTBOUND,IBM,IBM,eu-de,crn:v1:bluemix:public:is:eu-de:a/76445171de0246759484e1174bf8f1f0::vpc:r010-25874699-528a-4c17-ae5e-9623d890657e,sqli-vpc,resource_instance,,Virtual Private Cloud,,,a2c3827b59314d98adc80c5a9de5a28c,sqli-rg,,0.666473518,GIGABYTE_TRANSMITTED_OUTBOUND
,0.10032,76445171de0246759484e1174bf8f1f0,IBM PoC - SQLI Maximo,USD,2024-03-31T00:00:00.000Z,2024-03-4T00:00:00.000Z,Usage,,Recurring,2024-03-31T00:00:00.000Z,2024-03-4T00:00:00.000Z,On-Demand,,,,,0.10032,IBM,0.10032,0.24659356747110703,On-Demand,0.406823264,GIGABYTE_TRANSMITTED_OUTBOUND,IBM,IBM,eu-de,crn:v1:bluemix:public:is:eu-de:a/76445171de0246759484e1174bf8f1f0::vpc:r010-25874699-528a-4c17-ae5e-9623d890657e,sqli-vpc,resource_instance,,Virtual Private Cloud,,,a2c3827b59314d98adc80c5a9de5a28c,sqli-rg,,0.406823264,GIGABYTE_TRANSMITTED_OUTBOUND
,0.10032,76445171de0246759484e1174bf8f1f0,IBM PoC - SQLI Maximo,USD,2024-03-31T00:00:00.000Z,2024-03-4T00:00:00.000Z,Usage,,Recurring,2024-03-31T00:00:00.000Z,2024-03-4T00:00:00.000Z,On-Demand,,,,,0.10032,IBM,0.10032,0.23814946075467602,On-Demand,0.421248067,GIGABYTE_TRANSMITTED_OUTBOUND,IBM,IBM,eu-de,crn:v1:bluemix:public:is:eu-de:a/76445171de0246759484e1174bf8f1f0::vpc:r010-25874699-528a-4c17-ae5e-9623d890657e,sqli-vpc,resource_instance,,Virtual Private Cloud,,,a2c3827b59314d98adc80c5a9de5a28c,sqli-rg,,0.421248067,GIGABYTE_TRANSMITTED_OUTBOUND
,0.20064,76445171de0246759484e1174bf8f1f0,IBM PoC - SQLI Maximo,USD,2024-03-31T00:00:00.000Z,2024-03-4T00:00:00.000Z,Usage,,Recurring,2024-03-31T00:00:00.000Z,2024-03-4T00:00:00.000Z,On-Demand,,,,,0.20064,IBM,0.20064,0.156082197319261,On-Demand,1.285476521,GIGABYTE_TRANSMITTED_OUTBOUND,IBM,IBM,eu-de,crn:v1:bluemix:public:is:eu-de:a/76445171de0246759484e1174bf8f1f0::vpc:r010-25874699-528a-4c17-ae5e-9623d890657e,sqli-vpc,resource_instance,,Virtual Private Cloud,,,a2c3827b59314d98adc80c5a9de5a28c,sqli-rg,,1.285476521,GIGABYTE_TRANSMITTED_OUTBOUND
,4.21344,76445171de0246759484e1174bf8f1f0,IBM PoC - SQLI Maximo,USD,2024-03-31T00:00:00.000Z,2024-03-4T00:00:00.000Z,Usage,,Recurring,2024-03-31T00:00:00.000Z,2024-03-4T00:00:00.000Z,On-Demand,,,,,4.21344,IBM,4.21344,0.10203720178196,On-Demand,41.293174709,GIGABYTE_TRANSMITTED_OUTBOUND,IBM,IBM,eu-de,crn:v1:bluemix:public:is:eu-de:a/76445171de0246759484e1174bf8f1f0::vpc:r010-25874699-528a-4c17-ae5e-9623d890657e,sqli-vpc,resource_instance,,Virtual Private Cloud,,,a2c3827b59314d98adc80c5a9de5a28c,sqli-rg,,41.293174709,GIGABYTE_TRANSMITTED_OUTBOUND
,0.20064,76445171de0246759484e1174bf8f1f0,IBM PoC - SQLI Maximo,USD,2024-03-31T00:00:00.000Z,2024-03-4T00:00:00.000Z,Usage,,Recurring,2024-03-31T00:00:00.000Z,2024-03-4T00:00:00.000Z,On-Demand,,,,,0.20064,IBM,0.20064,0.12745417260685402,On-Demand,1.574212879,GIGABYTE_TRANSMITTED_OUTBOUND,IBM,IBM,eu-de,crn:v1:bluemix:public:is:eu-de:a/76445171de0246759484e1174bf8f1f0::vpc:r010-25874699-528a-4c17-ae5e-9623d890657e,sqli-vpc,resource_instance,,Virtual Private Cloud,,,a2c3827b59314d98adc80c5a9de5a28c,sqli-rg,,1.574212879,GIGABYTE_TRANSMITTED_OUTBOUND
,0.10032,76445171de0246759484e1174bf8f1f0,IBM PoC - SQLI Maximo,USD,2024-03-31T00:00:00.000Z,2024-03-4T00:00:00.000Z,Usage,,Recurring,2024-03-31T00:00:00.000Z,2024-03-4T00:00:00.000Z,On-Demand,,,,,0.10032,IBM,0.10032,0.196636207975476,On-Demand,0.510180709,GIGABYTE_TRANSMITTED_OUTBOUND,IBM,IBM,eu-de,crn:v1:bluemix:public:is:eu-de:a/76445171de0246759484e1174bf8f1f0::vpc:r010-25874699-528a-4c17-ae5e-9623d890657e,sqli-vpc,resource_instance,,Virtual Private Cloud,,,a2c3827b59314d98adc80c5a9de5a28c,sqli-rg,,0.510180709,GIGABYTE_TRANSMITTED_OUTBOUND
,0.20064,76445171de0246759484e1174bf8f1f0,IBM PoC - SQLI Maximo,USD,2024-03-31T00:00:00.000Z,2024-03-4T00:00:00.000Z,Usage,,Recurring,2024-03-31T00:00:00.000Z,2024-03-4T00:00:00.000Z,On-Demand,,,,,0.20064,IBM,0.20064,0.10767865210619601,On-Demand,1.863321987,GIGABYTE_TRANSMITTED_OUTBOUND,IBM,IBM,eu-de,crn:v1:bluemix:public:is:eu-de:a/76445171de0246759484e1174bf8f1f0::vpc:r010-25874699-528a-4c17-ae5e-9623d890657e,sqli-vpc,resource_instance,,Virtual Private Cloud,,,a2c3827b59314d98adc80c5a9de5a28c,sqli-rg,,1.863321987,GIGABYTE_TRANSMITTED_OUTBOUND
,2.0064,76445171de0246759484e1174bf8f1f0,IBM PoC - SQLI Maximo,USD,2024-03-31T00:00:00.000Z,2024-03-4T00:00:00.000Z,Usage,,Recurring,2024-03-31T00:00:00.000Z,2024-03-4T00:00:00.000Z,On-Demand,,,,,2.0064,IBM,2.0064,0.105225342879411,On-Demand,19.067649913,GIGABYTE_TRANSMITTED_OUTBOUND,IBM,IBM,eu-de,crn:v1:bluemix:public:is:eu-de:a/76445171de0246759484e1174bf8f1f0::vpc:r010-25874699-528a-4c17-ae5e-9623d890657e,sqli-vpc,resource_instance,,Virtual Private Cloud,,,a2c3827b59314d98adc80c5a9de5a28c,sqli-rg,,19.067649913,GIGABYTE_TRANSMITTED_OUTBOUND
,0.10032,76445171de0246759484e1174bf8f1f0,IBM PoC - SQLI Maximo,USD,2024-03-31T00:00:00.000Z,2024-03-4T00:00:00.000Z,Usage,,Recurring,2024-03-31T00:00:00.000Z,2024-03-4T00:00:00.000Z,On-Demand,,,,,0.10032,IBM,0.10032,0.47901416135273006,On-Demand,0.20943013400000002,GIGABYTE_TRANSMITTED_OUTBOUND,IBM,IBM,eu-de,crn:v1:bluemix:public:is:eu-de:a/76445171de0246759484e1174bf8f1f0::vpc:r010-25874699-528a-4c17-ae5e-9623d890657e,sqli-vpc,resource_instance,,Virtual Private Cloud,,,a2c3827b59314d98adc80c5a9de5a28c,sqli-rg,,0.20943013400000002,GIGABYTE_TRANSMITTED_OUTBOUND
,0.10032,76445171de0246759484e1174bf8f1f0,IBM PoC - SQLI Maximo,USD,2024-03-31T00:00:00.000Z,2024-03-4T00:00:00.000Z,Usage,,Recurring,2024-03-31T00:00:00.000Z,2024-03-4T00:00:00.000Z,On-Demand,,,,,0.10032,IBM,0.10032,0.158448664004599,On-Demand,0.633138819,GIGABYTE_TRANSMITTED_OUTBOUND,IBM,IBM,eu-de,crn:v1:bluemix:public:is:eu-de:a/76445171de0246759484e1174bf8f1f0::vpc:r010-25874699-528a-4c17-ae5e-9623d890657e,sqli-vpc,resource_instance,,Virtual Private Cloud,,,a2c3827b59314d98adc80c5a9de5a28c,sqli-rg,,0.633138819,GIGABYTE_TRANSMITTED_OUTBOUND
,2.20704,76445171de0246759484e1174bf8f1f0,IBM PoC - SQLI Maximo,USD,2024-03-31T00:00:00.000Z,2024-03-4T00:00:00.000Z,Usage,,Recurring,2024-03-31T00:00:00.000Z,2024-03-4T00:00:00.000Z,On-Demand,,,,,2.20704,IBM,2.20704,0.10169978921575401,On-Demand,21.701519905,GIGABYTE_TRANSMITTED_OUTBOUND,IBM,IBM,eu-de,crn:v1:bluemix:public:is:eu-de:a/76445171de0246759484e1174bf8f1f0::vpc:r010-25874699-528a-4c17-ae5e-9623d890657e,sqli-vpc,resource_instance,,Virtual Private Cloud,,,a2c3827b59314d98adc80c5a9de5a28c,sqli-rg,,21.701519905,GIGABYTE_TRANSMITTED_OUTBOUND
,23.123558205777623,76445171de0246759484e1174bf8f1f0,IBM PoC - SQLI Maximo,USD,2024-03-31T00:00:00.000Z,2024-03-4T00:00:00.000Z,Usage,,Recurring,2024-03-31T00:00:00.000Z,2024-03-4T00:00:00.000Z,On-Demand,,,,,23.123558205777623,IBM,23.123558205777627,0.030831399521999998,On-Demand,750.0002777777771,INSTANCE_HOUR,IBM,IBM,eu-de,crn:v1:bluemix:public:is:eu-de:a/76445171de0246759484e1174bf8f1f0::load-balancer:r010-e2a1c1de-5817-4cb9-a3e6-3548fcae646b,kube-ck637n7f06ji8rfbfsug-7f71f6f287c14b73a651179d2e3f623a,resource_instance,,Load Balancer for VPC,,,a2c3827b59314d98adc80c5a9de5a28c,sqli-rg,,750.0002777777771,INSTANCE_HOUR
,0.0006231895201080001,76445171de0246759484e1174bf8f1f0,IBM PoC - SQLI Maximo,USD,2024-03-31T00:00:00.000Z,2024-03-4T00:00:00.000Z,Usage,,Recurring,2024-03-31T00:00:00.000Z,2024-03-4T00:00:00.000Z,On-Demand,,,,,0.0006231895201080001,IBM,0.0006231895201080001,0.009910092704,On-Demand,0.062884328,GIGABYTE_MONTH,IBM,IBM,eu-de,crn:v1:bluemix:public:is:eu-de:a/76445171de0246759484e1174bf8f1f0::load-balancer:r010-e2a1c1de-5817-4cb9-a3e6-3548fcae646b,kube-ck637n7f06ji8rfbfsug-7f71f6f287c14b73a651179d2e3f623a,resource_instance,,Load Balancer for VPC,,,a2c3827b59314d98adc80c5a9de5a28c,sqli-rg,,0.062884328,GIGABYTE_MONTH
,2.223053537034237,76445171de0246759484e1174bf8f1f0,IBM PoC - SQLI Maximo,USD,2024-03-31T00:00:00.000Z,2024-03-4T00:00:00.000Z,Usage,,Recurring,2024-03-31T00:00:00.000Z,2024-03-4T00:00:00.000Z,On-Demand,,,,,2.223053537034237,IBM,2.223053537034237,0.025289000000000002,On-Demand,87.90594871423296,GIGABYTE,IBM,IBM,eu-de,crn:v1:bluemix:public:cloud-object-storage:global:a/76445171de0246759484e1174bf8f1f0:48ff2b04-4cc2-43be-b50d-03b7d13742bb::,COS,service_instance,,Cloud Object Storage,,,a2c3827b59314d98adc80c5a9de5a28c,sqli-rg,,87.90594871423296,GIGABYTE
,0.0,76445171de0246759484e1174bf8f1f0,IBM PoC - SQLI Maximo,USD,2024-03-31T00:00:00.000Z,2024-03-4T00:00:00.000Z,Usage,,Recurring,2024-03-31T00:00:00.000Z,2024-03-4T00:00:00.000Z,On-Demand,,,,,0.0,IBM,0.0,0.0,On-Demand,0.0,GIGABYTE,IBM,IBM,eu-de,crn:v1:bluemix:public:cloud-object-storage:global:a/76445171de0246759484e1174bf8f1f0:48ff2b04-4cc2-43be-b50d-03b7d13742bb::,COS,service_instance,,Cloud Object Storage,,,a2c3827b59314d98adc80c5a9de5a28c,sqli-rg,,0.0,GIGABYTE
,1.407149975,76445171de0246759484e1174bf8f1f0,IBM PoC - SQLI Maximo,USD,2024-03-31T00:00:00.000Z,2024-03-4T00:00:00.000Z,Usage,,Recurring,2024-03-31T00:00:00.000Z,2024-03-4T00:00:00.000Z,On-Demand,,,,,1.407149975,IBM,1407.1499749999998,0.005225,On-Demand,269311.0,API_CALLS,IBM,IBM,eu-de,crn:v1:bluemix:public:cloud-object-storage:global:a/76445171de0246759484e1174bf8f1f0:48ff2b04-4cc2-43be-b50d-03b7d13742bb::,COS,service_instance,,Cloud Object Storage,,,a2c3827b59314d98adc80c5a9de5a28c,sqli-rg,,269311.0,API_CALLS
,1.39730712,76445171de0246759484e1174bf8f1f0,IBM PoC - SQLI Maximo,USD,2024-03-31T00:00:00.000Z,2024-03-4T00:00:00.000Z,Usage,,Recurring,2024-03-31T00:00:00.000Z,2024-03-4T00:00:00.000Z,On-Demand,,,,,1.39730712,IBM,13973.071199999998,0.0041800000000000006,On-Demand,3342840.0,API_CALLS,IBM,IBM,eu-de,crn:v1:bluemix:public:cloud-object-storage:global:a/76445171de0246759484e1174bf8f1f0:48ff2b04-4cc2-43be-b50d-03b7d13742bb::,COS,service_instance,,Cloud Object Storage,,,a2c3827b59314d98adc80c5a9de5a28c,sqli-rg,,3342840.0,API_CALLS
,0.0,76445171de0246759484e1174bf8f1f0,IBM PoC - SQLI Maximo,USD,2024-03-31T00:00:00.000Z,2024-03-4T00:00:00.000Z,Usage,,Recurring,2024-03-31T00:00:00.000Z,2024-03-4T00:00:00.000Z,On-Demand,,,,,0.0,IBM,0.0,0.0,On-Demand,0.0,GIGABYTE,IBM,IBM,eu-de,crn:v1:bluemix:public:cloud-object-storage:global:a/76445171de0246759484e1174bf8f1f0:48ff2b04-4cc2-43be-b50d-03b7d13742bb::,COS,service_instance,,Cloud Object Storage,,,a2c3827b59314d98adc80c5a9de5a28c,sqli-rg,,0.0,GIGABYTE
,0.009810462976813001,76445171de0246759484e1174bf8f1f0,IBM PoC - SQLI Maximo,USD,2024-03-31T00:00:00.000Z,2024-03-4T00:00:00.000Z,Usage,,Recurring,2024-03-31T00:00:00.000Z,2024-03-4T00:00:00.000Z,On-Demand,,,,,0.009810462976813001,IBM,0.009810462976813001,0.008673499999999999,On-Demand,1.131084680557251,GIGABYTE,IBM,IBM,eu-de,crn:v1:bluemix:public:cloud-object-storage:global:a/76445171de0246759484e1174bf8f1f0:48ff2b04-4cc2-43be-b50d-03b7d13742bb::,COS,service_instance,,Cloud Object Storage,,,a2c3827b59314d98adc80c5a9de5a28c,sqli-rg,,1.131084680557251,GIGABYTE
,0.0,76445171de0246759484e1174bf8f1f0,IBM PoC - SQLI Maximo,USD,2024-03-31T00:00:00.000Z,2024-03-4T00:00:00.000Z,Usage,,Recurring,2024-03-31T00:00:00.000Z,2024-03-4T00:00:00.000Z,On-Demand,,,,,0.0,IBM,0.0,0.005225,On-Demand,0.0,API_CALLS,IBM,IBM,eu-de,crn:v1:bluemix:public:cloud-object-storage:global:a/76445171de0246759484e1174bf8f1f0:48ff2b04-4cc2-43be-b50d-03b7d13742bb::,COS,service_instance,,Cloud Object Storage,,,a2c3827b59314d98adc80c5a9de5a28c,sqli-rg,,0.0,API_CALLS
,0.0,76445171de0246759484e1174bf8f1f0,IBM PoC - SQLI Maximo,USD,2024-03-31T00:00:00.000Z,2024-03-4T00:00:00.000Z,Usage,,Recurring,2024-03-31T00:00:00.000Z,2024-03-4T00:00:00.000Z,On-Demand,,,,,0.0,IBM,0.0,0.005225,On-Demand,0.0,API_CALLS,IBM,IBM,eu-de,crn:v1:bluemix:public:cloud-object-storage:global:a/76445171de0246759484e1174bf8f1f0:48ff2b04-4cc2-43be-b50d-03b7d13742bb::,COS,service_instance,,Cloud Object Storage,,,a2c3827b59314d98adc80c5a9de5a28c,sqli-rg,,0.0,API_CALLS
,0.0,76445171de0246759484e1174bf8f1f0,IBM PoC - SQLI Maximo,USD,2024-03-31T00:00:00.000Z,2024-03-4T00:00:00.000Z,Usage,,Recurring,2024-03-31T00:00:00.000Z,2024-03-4T00:00:00.000Z,On-Demand,,,,,0.0,IBM,0.0,0.0,On-Demand,0.0,GIGABYTE,IBM,IBM,eu-de,crn:v1:bluemix:public:cloud-object-storage:global:a/76445171de0246759484e1174bf8f1f0:48ff2b04-4cc2-43be-b50d-03b7d13742bb::,COS,service_instance,,Cloud Object Storage,,,a2c3827b59314d98adc80c5a9de5a28c,sqli-rg,,0.0,GIGABYTE
